Regional,Province,District,Sub-District,Gender,Age,Age Range,Relation,Mariage Registration,Alcohol,Drug,Authoritative,Rage,Jealous,Divorce,Health Problem,Mental Problem,Gambling Addict,Economics Stress
ภาคกลาง,กรุงเทพมหานคร,เขตหนองจอก,ลำผักชี,หญิง,61,วัยสูงอายุ 60 ปีขึ้นไป,โสด,ไม่ระบุ,ไม่,ไม่,ไม่,ใช่,ไม่,ไม่,ไม่,ไม่,ไม่,ไม่
ภาคกลาง,กรุงเทพมหานคร,เขตบางแค,บางแค,หญิง,26,วัยผู้ใหญ่ตอนต้น 19 - 35 ปี,โสด,ไม่ระบุ,ไม่,ไม่,ไม่,ใช่,ไม่,ไม่,ไม่,ไม่,ไม่,ไม่
ภาคกลาง,กรุงเทพมหานคร,เขตทวีวัฒนา,ศาลาธรรมสพน์,หญิง,55,วัยกลางคน 36 - 59 ปี,โสด,ไม่ระบุ,ไม่,ไม่,ไม่,ไม่,ไม่,ไม่,ไม่,ใช่,ไม่,ไม่
ภาคกลาง,กรุงเทพมหานคร,เขตบางซื่อ,วงศ์สว่าง,หญิง,64,วัยสูงอายุ 60 ปีขึ้นไป,แยกกันอยู่,จดทะเบียนหย่า,ไม่,ไม่,ใช่,ใช่,ไม่,ไม่,ไม่,ใช่,ไม่,ไม่
ภาคกลาง,กรุงเทพมหานคร,เขตประเวศ,ดอกไม้,ชาย,33,วัยผู้ใหญ่ตอนต้น 19 - 35 ปี,สมรส,ยังไม่ได้จดทะเบียนสมรส,ใช่,ไม่,ไม่,ใช่,ใช่,ไม่,ไม่,ไม่,ไม่,ไม่
ภาคกลาง,กรุงเทพมหานคร,เขตคลองเตย,พระโขนงเหนือ,ชาย,36,วัยกลางคน 36 - 59 ปี,โสด,ไม่ระบุ,ไม่,ไม่,ไม่,ไม่,ใช่,ไม่,ไม่,ไม่,ไม่,ไม่
ภาคกลาง,กรุงเทพมหานคร,เขตประเวศ,ประเวศ,ชาย,40,วัยกลางคน 36 - 59 ปี,โสด,ไม่ระบุ,ไม่,ไม่,ไม่,ใช่,ไม่,ไม่,ไม่,ไม่,ไม่,ไม่
ภาคกลาง,กรุงเทพมหานคร,เขตคลองสามวา,บางชัน,ชาย,42,วัยกลางคน 36 - 59 ปี,โสด,ไม่ระบุ,ไม่,ไม่,ไม่,ไม่,ใช่,ไม่,ไม่,ไม่,ไม่,ไม่
ภาคกลาง,กรุงเทพมหานคร,เขตประเวศ,ประเวศ,ชาย,18,วัยรุ่น 13 - 18 ปี,โสด,ไม่ระบุ,ไม่,ใช่,ไม่,ไม่,ไม่,ไม่,ไม่,ไม่,ไม่,ไม่
ภาคกลาง,กรุงเทพมหานคร,เขตบางเขน,อนุสาวรีย์,ชาย,33,วัยผู้ใหญ่ตอนต้น 19 - 35 ปี,สมรส,จดทะเบียนสมรสแล้ว,ไม่,ไม่,ไม่,ใช่,ไม่,ไม่,ไม่,ไม่,ไม่,ไม่
ภาคกลาง,กรุงเทพมหานคร,เขตทุ่งครุ,บางมด,ชาย,22,วัยผู้ใหญ่ตอนต้น 19 - 35 ปี,แยกกันอยู่,ยังไม่ได้จดทะเบียนหย่า,ไม่,ไม่,ไม่,ไม่,ไม่,ใช่,ไม่,ไม่,ไม่,ไม่
ภาคกลาง,กรุงเทพมหานคร,เขตดุสิต,ดุสิต,หญิง,68,วัยสูงอายุ 60 ปีขึ้นไป,สมรส,จดทะเบียนสมรสแล้ว,ไม่,ไม่,ไม่,ไม่,ไม่,ไม่,ไม่,ใช่,ไม่,ไม่
ภาคกลาง,กรุงเทพมหานคร,เขตมีนบุรี,มีนบุรี,ชาย,36,วัยกลางคน 36 - 59 ปี,โสด,ไม่ระบุ,ใช่,ไม่,ไม่,ไม่,ไม่,ไม่,ไม่,ไม่,ไม่,ไม่
ภาคกลาง,กรุงเทพมหานคร,เขตทุ่งครุ,บางมด,ชาย,40,วัยกลางคน 36 - 59 ปี,สมรส,ยังไม่ได้จดทะเบียนสมรส,ใช่,ไม่,ไม่,ไม่,ไม่,ไม่,ไม่,ไม่,ไม่,ไม่
ภาคกลาง,กรุงเทพมหานคร,เขตภาษีเจริญ,บางหว้า,ชาย,48,วัยกลางคน 36 - 59 ปี,สมรส,ยังไม่ได้จดทะเบียนสมรส,ใช่,ไม่,ใช่,ไม่,ใช่,ไม่,ไม่,ไม่,ไม่,ไม่
ภาคกลาง,กรุงเทพมหานคร,เขตสะพานสูง,สะพานสูง,ชาย,27,วัยผู้ใหญ่ตอนต้น 19 - 35 ปี,โสด,ไม่ระบุ,ไม่,ไม่,ไม่,ใช่,ไม่,ไม่,ไม่,ไม่,ไม่,ไม่
ภาคกลาง,กรุงเทพมหานคร,เขตสายไหม,คลองถนน,ชาย,39,วัยกลางคน 36 - 59 ปี,สมรส,จดทะเบียนสมรสแล้ว,ไม่,ใช่,ใช่,ไม่,ไม่,ไม่,ไม่,ไม่,ไม่,ไม่
ภาคกลาง,กรุงเทพมหานคร,เขตจอมทอง,บางค้อ,ชาย,73,วัยสูงอายุ 60 ปีขึ้นไป,แยกกันอยู่,จดทะเบียนหย่า,ไม่,ไม่,ไม่,ใช่,ไม่,ไม่,ไม่,ไม่,ไม่,ไม่
ภาคกลาง,กรุงเทพมหานคร,เขตสวนหลวง,อ่อนนุช,ชาย,30,วัยผู้ใหญ่ตอนต้น 19 - 35 ปี,สมรส,ยังไม่ได้จดทะเบียนสมรส,ใช่,ใช่,ไม่,ไม่,ใช่,ไม่,ไม่,ไม่,ไม่,ไม่
ภาคกลาง,กรุงเทพมหานคร,เขตลาดพร้าว,ลาดพร้าว,ชาย,52,วัยกลางคน 36 - 59 ปี,โสด,ไม่ระบุ,ไม่,ไม่,ไม่,ไม่,ไม่,ไม่,ไม่,ใช่,ไม่,ใช่
ภาคกลาง,กรุงเทพมหานคร,เขตพระนคร,บ้านพานถม,ชาย,56,วัยกลางคน 36 - 59 ปี,โสด,ไม่ระบุ,ไม่,ไม่,ไม่,ใช่,ไม่,ไม่,ไม่,ไม่,ไม่,ไม่
ภาคกลาง,กรุงเทพมหานคร,เขตบางพลัด,บางพลัด,ชาย,39,วัยกลางคน 36 - 59 ปี,โสด,ไม่ระบุ,ไม่,ไม่,ไม่,ใช่,ไม่,ไม่,ไม่,ไม่,ไม่,ไม่
ภาคกลาง,กรุงเทพมหานคร,เขตจอมทอง,บางขุนเทียน,หญิง,45,วัยกลางคน 36 - 59 ปี,โสด,ไม่ระบุ,ไม่,ไม่,ไม่,ไม่,ไม่,ไม่,ไม่,ไม่,ไม่,ใช่
ภาคกลาง,กรุงเทพมหานคร,เขตบางขุนเทียน,แสมดำ,ชาย,45,วัยกลางคน 36 - 59 ปี,โสด,ไม่ระบุ,ไม่,ไม่,ใช่,ไม่,ไม่,ไม่,ไม่,ไม่,ไม่,ไม่
ภาคกลาง,กรุงเทพมหานคร,เขตหนองแขม,หนองค้างพลู,ชาย,44,วัยกลางคน 36 - 59 ปี,สมรส,จดทะเบียนสมรสแล้ว,ไม่,ไม่,ไม่,ไม่,ใช่,ไม่,ไม่,ไม่,ไม่,ไม่
ภาคกลาง,กรุงเทพมหานคร,เขตวังทองหลาง,วังทองหลาง,ชาย,38,วัยกลางคน 36 - 59 ปี,สมรส,จดทะเบียนสมรสแล้ว,ไม่,ไม่,ใช่,ไม่,ไม่,ไม่,ไม่,ใช่,ไม่,ไม่
ภาคกลาง,กรุงเทพมหานคร,เขตหนองแขม,หนองแขม,ชาย,50,วัยกลางคน 36 - 59 ปี,สมรส,ยังไม่ได้จดทะเบียนสมรส,ใช่,ไม่,ไม่,ไม่,ไม่,ไม่,ไม่,ไม่,ไม่,ไม่
ภาคกลาง,กรุงเทพมหานคร,เขตลาดกระบัง,คลองสามประเวศ,หญิง,58,วัยกลางคน 36 - 59 ปี,โสด,ไม่ระบุ,ไม่,ไม่,ไม่,ไม่,ไม่,ไม่,ไม่,ใช่,ไม่,ไม่
ภาคกลาง,กรุงเทพมหานคร,เขตภาษีเจริญ,บางหว้า,ชาย,48,วัยกลางคน 36 - 59 ปี,สมรส,ยังไม่ได้จดทะเบียนสมรส,ใช่,ไม่,ใช่,ไม่,ใช่,ไม่,ไม่,ไม่,ไม่,ไม่
ภาคกลาง,กรุงเทพมหานคร,เขตบางแค,บางแค,ชาย,30,วัยผู้ใหญ่ตอนต้น 19 - 35 ปี,โสด,ไม่ระบุ,ไม่,ใช่,ไม่,ไม่,ไม่,ไม่,ไม่,ไม่,ไม่,ไม่
ภาคกลาง,กรุงเทพมหานคร,เขตบางแค,บางแค,หญิง,26,วัยผู้ใหญ่ตอนต้น 19 - 35 ปี,โสด,ไม่ระบุ,ไม่,ไม่,ใช่,ใช่,ไม่,ไม่,ไม่,ไม่,ไม่,ไม่
ภาคกลาง,กรุงเทพมหานคร,เขตลาดกระบัง,คลองสองต้นนุ่น,ชาย,55,วัยกลางคน 36 - 59 ปี,โสด,ไม่ระบุ,ไม่,ไม่,ไม่,ไม่,ใช่,ไม่,ไม่,ไม่,ไม่,ไม่
ภาคกลาง,กรุงเทพมหานคร,เขตคลองสามวา,บางชัน,ชาย,60,วัยสูงอายุ 60 ปีขึ้นไป,สมรส,จดทะเบียนสมรสแล้ว,ไม่,ไม่,ไม่,ไม่,ใช่,ไม่,ไม่,ไม่,ไม่,ไม่
ภาคกลาง,กรุงเทพมหานคร,เขตบางขุนเทียน,แสมดำ,ชาย,44,วัยกลางคน 36 - 59 ปี,สมรส,ยังไม่ได้จดทะเบียนสมรส,ไม่,ใช่,ไม่,ไม่,ไม่,ไม่,ไม่,ไม่,ไม่,ไม่
ภาคกลาง,กรุงเทพมหานคร,เขตหลักสี่,ตลาดบางเขน,ชาย,33,วัยผู้ใหญ่ตอนต้น 19 - 35 ปี,สมรส,ยังไม่ได้จดทะเบียนสมรส,ไม่,ใช่,ไม่,ไม่,ไม่,ไม่,ไม่,ไม่,ไม่,ไม่
ภาคกลาง,กรุงเทพมหานคร,เขตบางแค,หลักสอง,หญิง,32,วัยผู้ใหญ่ตอนต้น 19 - 35 ปี,โสด,ไม่ระบุ,ไม่,ไม่,ไม่,ใช่,ไม่,ไม่,ไม่,ไม่,ไม่,ไม่
ภาคกลาง,กรุงเทพมหานคร,เขตประเวศ,ประเวศ,ชาย,68,วัยสูงอายุ 60 ปีขึ้นไป,โสด,ไม่ระบุ,ไม่,ไม่,ใช่,ไม่,ไม่,ไม่,ไม่,ไม่,ไม่,ไม่
ภาคกลาง,กรุงเทพมหานคร,เขตราษฎร์บูรณะ,บางปะกอก,ชาย,25,วัยผู้ใหญ่ตอนต้น 19 - 35 ปี,โสด,ไม่ระบุ,ไม่,ไม่,ไม่,ใช่,ใช่,ไม่,ไม่,ไม่,ไม่,ไม่
ภาคกลาง,กรุงเทพมหานคร,เขตคลองเตย,คลองเตย,หญิง,61,วัยสูงอายุ 60 ปีขึ้นไป,สมรส,จดทะเบียนสมรสแล้ว,ไม่,ไม่,ใช่,ไม่,ไม่,ไม่,ไม่,ไม่,ไม่,ไม่
ภาคกลาง,กรุงเทพมหานคร,เขตยานนาวา,ช่องนนทรี,ชาย,30,วัยผู้ใหญ่ตอนต้น 19 - 35 ปี,โสด,ไม่ระบุ,ไม่,ไม่,ไม่,ไม่,ไม่,ไม่,ไม่,ไม่,ไม่,ใช่
ภาคกลาง,กรุงเทพมหานคร,เขตบางบอน,บางบอน,ชาย,53,วัยกลางคน 36 - 59 ปี,โสด,ไม่ระบุ,ใช่,ไม่,ไม่,ไม่,ไม่,ไม่,ไม่,ไม่,ไม่,ไม่
ภาคกลาง,กรุงเทพมหานคร,เขตพระนคร,บ้านพานถม,ชาย,24,วัยผู้ใหญ่ตอนต้น 19 - 35 ปี,โสด,ไม่ระบุ,ไม่,ไม่,ไม่,ไม่,ไม่,ไม่,ไม่,ไม่,ไม่,ใช่
ภาคกลาง,กรุงเทพมหานคร,เขตวัฒนา,คลองตันเหนือ,ชาย,37,วัยกลางคน 36 - 59 ปี,สมรส,ยังไม่ได้จดทะเบียนสมรส,ไม่,ไม่,ไม่,ไม่,ไม่,ไม่,ไม่,ไม่,ใช่,ไม่
ภาคกลาง,กรุงเทพมหานคร,เขตจอมทอง,บางค้อ,ชาย,43,วัยกลางคน 36 - 59 ปี,สมรส,จดทะเบียนสมรสแล้ว,ใช่,ไม่,ไม่,ไม่,ไม่,ไม่,ไม่,ไม่,ไม่,ไม่
ภาคกลาง,กรุงเทพมหานคร,เขตลาดพร้าว,ลาดพร้าว,ชาย,31,วัยผู้ใหญ่ตอนต้น 19 - 35 ปี,โสด,ไม่ระบุ,ใช่,ไม่,ใช่,ใช่,ไม่,ไม่,ไม่,ไม่,ไม่,ไม่
ภาคกลาง,กรุงเทพมหานคร,เขตหนองแขม,หนองค้างพลู,ชาย,29,วัยผู้ใหญ่ตอนต้น 19 - 35 ปี,โสด,ไม่ระบุ,ไม่,ไม่,ไม่,ใช่,ไม่,ไม่,ไม่,ไม่,ไม่,ไม่
ภาคกลาง,กรุงเทพมหานคร,เขตบางคอแหลม,บางโคล่,ชาย,41,วัยกลางคน 36 - 59 ปี,โสด,ไม่ระบุ,ไม่,ใช่,ไม่,ใช่,ไม่,ไม่,ไม่,ใช่,ใช่,ไม่
ภาคกลาง,กรุงเทพมหานคร,เขตคลองสาน,คลองต้นไทร,หญิง,62,วัยสูงอายุ 60 ปีขึ้นไป,แยกกันอยู่,จดทะเบียนหย่า,ไม่,ไม่,ไม่,ไม่,ไม่,ไม่,ไม่,ไม่,ไม่,ใช่
ภาคกลาง,กรุงเทพมหานคร,เขตหนองจอก,กระทุ่มราย,ชาย,27,วัยผู้ใหญ่ตอนต้น 19 - 35 ปี,โสด,ไม่ระบุ,ใช่,ใช่,ใช่,ใช่,ใช่,ไม่,ไม่,ไม่,ไม่,ไม่
ภาคกลาง,กรุงเทพมหานคร,เขตหนองจอก,หนองจอก,ชาย,31,วัยผู้ใหญ่ตอนต้น 19 - 35 ปี,โสด,ไม่ระบุ,ไม่,ใช่,ไม่,ไม่,ใช่,ไม่,ไม่,ไม่,ไม่,ไม่
ภาคกลาง,กรุงเทพมหานคร,เขตบางคอแหลม,บางโคล่,ชาย,39,วัยกลางคน 36 - 59 ปี,โสด,ไม่ระบุ,ใช่,ใช่,ไม่,ไม่,ไม่,ไม่,ไม่,ไม่,ไม่,ไม่
ภาคกลาง,กรุงเทพมหานคร,เขตบางกอกน้อย,บางขุนนนท์,ชาย,24,วัยผู้ใหญ่ตอนต้น 19 - 35 ปี,โสด,ไม่ระบุ,ไม่,ไม่,ไม่,ไม่,ไม่,ไม่,ไม่,ไม่,ไม่,ใช่
ภาคกลาง,กรุงเทพมหานคร,เขตทุ่งครุ,บางมด,หญิง,69,วัยสูงอายุ 60 ปีขึ้นไป,สมรส,ยังไม่ได้จดทะเบียนสมรส,ไม่,ไม่,ใช่,ใช่,ไม่,ไม่,ไม่,ไม่,ไม่,ไม่
ภาคกลาง,กรุงเทพมหานคร,เขตสวนหลวง,สวนหลวง,ชาย,40,วัยกลางคน 36 - 59 ปี,โสด,ไม่ระบุ,ไม่,ไม่,ไม่,ไม่,ใช่,ไม่,ไม่,ไม่,ไม่,ใช่
ภาคกลาง,กรุงเทพมหานคร,เขตราษฎร์บูรณะ,ราษฎร์บูรณะ,ชาย,27,วัยผู้ใหญ่ตอนต้น 19 - 35 ปี,โสด,ไม่ระบุ,ไม่,ไม่,ไม่,ใช่,ใช่,ไม่,ไม่,ไม่,ไม่,ไม่
ภาคกลาง,กรุงเทพมหานคร,เขตตลิ่งชัน,ตลิ่งชัน,หญิง,25,วัยผู้ใหญ่ตอนต้น 19 - 35 ปี,โสด,ไม่ระบุ,ไม่,ไม่,ไม่,ใช่,ใช่,ไม่,ไม่,ใช่,ไม่,ไม่
ภาคกลาง,กรุงเทพมหานคร,เขตทุ่งครุ,บางมด,ชาย,22,วัยผู้ใหญ่ตอนต้น 19 - 35 ปี,แยกกันอยู่,ยังไม่ได้จดทะเบียนหย่า,ไม่,ไม่,ไม่,ไม่,ไม่,ใช่,ไม่,ไม่,ไม่,ไม่
ภาคกลาง,กรุงเทพมหานคร,เขตบางขุนเทียน,แสมดำ,ชาย,34,วัยผู้ใหญ่ตอนต้น 19 - 35 ปี,สมรส,จดทะเบียนสมรสแล้ว,ไม่,ใช่,ใช่,ใช่,ไม่,ไม่,ไม่,ไม่,ไม่,ไม่
ภาคกลาง,กรุงเทพมหานคร,เขตคลองสาน,บางลำภูล่าง,ชาย,51,วัยกลางคน 36 - 59 ปี,โสด,ไม่ระบุ,ไม่,ไม่,ไม่,ไม่,ไม่,ไม่,ใช่,ใช่,ไม่,ไม่
ภาคกลาง,กาญจนบุรี,ศรีสวัสดิ์,ด่านแม่แฉลบ,ชาย,35,วัยผู้ใหญ่ตอนต้น 19 - 35 ปี,โสด,ไม่ระบุ,ใช่,ไม่,ใช่,ไม่,ไม่,ไม่,ไม่,ไม่,ไม่,ไม่
ภาคกลาง,กาญจนบุรี,เมืองกาญจนบุรี,วังด้ง,ชาย,33,วัยผู้ใหญ่ตอนต้น 19 - 35 ปี,สมรส,จดทะเบียนสมรสแล้ว,ไม่,ใช่,ไม่,ไม่,ไม่,ไม่,ไม่,ไม่,ไม่,ไม่
ภาคกลาง,กาญจนบุรี,บ่อพลอย,หนองกุ่ม,ชาย,40,วัยกลางคน 36 - 59 ปี,โสด,ไม่ระบุ,ไม่,ใช่,ไม่,ไม่,ใช่,ไม่,ไม่,ไม่,ไม่,ไม่
ภาคกลาง,กาญจนบุรี,บ่อพลอย,บ่อพลอย,หญิง,48,วัยกลางคน 36 - 59 ปี,สมรส,ยังไม่ได้จดทะเบียนสมรส,ไม่,ใช่,ไม่,ไม่,ไม่,ไม่,ไม่,ไม่,ไม่,ไม่
ภาคกลาง,กาญจนบุรี,ท่าม่วง,วังศาลา,ชาย,51,วัยกลางคน 36 - 59 ปี,สมรส,ยังไม่ได้จดทะเบียนสมรส,ไม่,ไม่,ใช่,ใช่,ไม่,ไม่,ไม่,ไม่,ไม่,ไม่
ภาคกลาง,กาญจนบุรี,ท่ามะกา,ดอนขมิ้น,ชาย,60,วัยสูงอายุ 60 ปีขึ้นไป,สมรส,ยังไม่ได้จดทะเบียนสมรส,ไม่,ไม่,ไม่,ไม่,ใช่,ไม่,ไม่,ไม่,ไม่,ไม่
ภาคกลาง,กาญจนบุรี,ท่ามะกา,ท่ามะกา,ชาย,28,วัยผู้ใหญ่ตอนต้น 19 - 35 ปี,สมรส,ยังไม่ได้จดทะเบียนสมรส,ไม่,ใช่,ไม่,ไม่,ไม่,ไม่,ไม่,ไม่,ไม่,ไม่
ภาคกลาง,จันทบุรี,ท่าใหม่,ทุ่งเบญจา,หญิง,31,วัยผู้ใหญ่ตอนต้น 19 - 35 ปี,โสด,ไม่ระบุ,ไม่,ไม่,ไม่,ไม่,ไม่,ไม่,ไม่,ใช่,ไม่,ไม่
ภาคกลาง,จันทบุรี,ขลุง,เกวียนหัก,ชาย,51,วัยกลางคน 36 - 59 ปี,สมรส,ยังไม่ได้จดทะเบียนสมรส,ใช่,ไม่,ไม่,ใช่,ไม่,ไม่,ไม่,ไม่,ไม่,ไม่
ภาคกลาง,จันทบุรี,เมืองจันทบุรี,ตลาด,ชาย,34,วัยผู้ใหญ่ตอนต้น 19 - 35 ปี,สมรส,ยังไม่ได้จดทะเบียนสมรส,ใช่,ใช่,ไม่,ไม่,ไม่,ไม่,ไม่,ไม่,ไม่,ไม่
ภาคกลาง,จันทบุรี,ขลุง,บ่อเวฬุ,หญิง,47,วัยกลางคน 36 - 59 ปี,สมรส,จดทะเบียนสมรสแล้ว,ไม่,ไม่,ไม่,ใช่,ไม่,ไม่,ไม่,ไม่,ไม่,ไม่
ภาคกลาง,จันทบุรี,เมืองจันทบุรี,พลับพลา,ชาย,31,วัยผู้ใหญ่ตอนต้น 19 - 35 ปี,สมรส,ยังไม่ได้จดทะเบียนสมรส,ใช่,ไม่,ไม่,ไม่,ไม่,ไม่,ไม่,ไม่,ไม่,ไม่
ภาคกลาง,จันทบุรี,มะขาม,ท่าหลวง,ชาย,49,วัยกลางคน 36 - 59 ปี,สมรส,ยังไม่ได้จดทะเบียนสมรส,ใช่,ไม่,ไม่,ไม่,ไม่,ไม่,ไม่,ไม่,ไม่,ไม่
ภาคกลาง,ฉะเชิงเทรา,ท่าตะเกียบ,คลองตะเกรา,ชาย,34,วัยผู้ใหญ่ตอนต้น 19 - 35 ปี,โสด,ไม่ระบุ,ไม่,ใช่,ไม่,ไม่,ไม่,ไม่,ไม่,ใช่,ไม่,ไม่
ภาคกลาง,ฉะเชิงเทรา,บ้านโพธิ์,บ้านโพธิ์,ชาย,26,วัยผู้ใหญ่ตอนต้น 19 - 35 ปี,โสด,ไม่ระบุ,ไม่,ไม่,ไม่,ใช่,ไม่,ไม่,ไม่,ไม่,ไม่,ไม่
ภาคกลาง,ฉะเชิงเทรา,เมืองฉะเชิงเทรา,บางพระ,ชาย,29,วัยผู้ใหญ่ตอนต้น 19 - 35 ปี,สมรส,จดทะเบียนสมรสแล้ว,ไม่,ไม่,ไม่,ใช่,ใช่,ไม่,ไม่,ไม่,ไม่,ไม่
ภาคกลาง,ฉะเชิงเทรา,บางน้ำเปรี้ยว,หมอนทอง,หญิง,83,วัยสูงอายุ 60 ปีขึ้นไป,โสด,ไม่ระบุ,ไม่,ไม่,ใช่,ไม่,ไม่,ไม่,ไม่,ไม่,ไม่,ไม่
ภาคกลาง,ฉะเชิงเทรา,บางคล้า,บางคล้า,ชาย,41,วัยกลางคน 36 - 59 ปี,สมรส,จดทะเบียนสมรสแล้ว,ไม่,ไม่,ไม่,ไม่,ไม่,ไม่,ไม่,ไม่,ไม่,ใช่
ภาคกลาง,ฉะเชิงเทรา,บางคล้า,บางคล้า,ชาย,46,วัยกลางคน 36 - 59 ปี,สมรส,จดทะเบียนสมรสแล้ว,ไม่,ไม่,ไม่,ไม่,ไม่,ไม่,ไม่,ไม่,ไม่,ใช่
ภาคกลาง,ฉะเชิงเทรา,บางปะกง,สองคลอง,ชาย,36,วัยกลางคน 36 - 59 ปี,โสด,ไม่ระบุ,ไม่,ใช่,ไม่,ใช่,ไม่,ไม่,ไม่,ไม่,ไม่,ไม่
ภาคกลาง,ฉะเชิงเทรา,บ้านโพธิ์,แหลมประดู่,ชาย,55,วัยกลางคน 36 - 59 ปี,สมรส,จดทะเบียนสมรสแล้ว,ใช่,ไม่,ไม่,ไม่,ไม่,ไม่,ไม่,ไม่,ไม่,ไม่
ภาคกลาง,ฉะเชิงเทรา,บ้านโพธิ์,สิบเอ็ดศอก,ชาย,39,วัยกลางคน 36 - 59 ปี,โสด,ไม่ระบุ,ไม่,ใช่,ไม่,ไม่,ไม่,ไม่,ไม่,ไม่,ไม่,ไม่
ภาคกลาง,ฉะเชิงเทรา,บางคล้า,บางคล้า,ชาย,40,วัยกลางคน 36 - 59 ปี,สมรส,ยังไม่ได้จดทะเบียนสมรส,ไม่,ไม่,ไม่,ใช่,ไม่,ไม่,ไม่,ไม่,ไม่,ใช่
ภาคกลาง,ฉะเชิงเทรา,เมืองฉะเชิงเทรา,หน้าเมือง,ชาย,28,วัยผู้ใหญ่ตอนต้น 19 - 35 ปี,โสด,ไม่ระบุ,ไม่,ไม่,ใช่,ใช่,ไม่,ไม่,ไม่,ไม่,ไม่,ไม่
ภาคกลาง,ฉะเชิงเทรา,พนมสารคาม,หนองยาว,ชาย,43,วัยกลางคน 36 - 59 ปี,สมรส,ยังไม่ได้จดทะเบียนสมรส,ใช่,ไม่,ไม่,ไม่,ใช่,ไม่,ใช่,ไม่,ไม่,ใช่
ภาคกลาง,ฉะเชิงเทรา,เมืองฉะเชิงเทรา,คลองหลวงแพ่ง,ชาย,39,วัยกลางคน 36 - 59 ปี,สมรส,จดทะเบียนสมรสแล้ว,ไม่,ไม่,ใช่,ไม่,ไม่,ไม่,ไม่,ไม่,ไม่,ไม่
ภาคกลาง,ฉะเชิงเทรา,บางน้ำเปรี้ยว,ดอนเกาะกา,ชาย,21,วัยผู้ใหญ่ตอนต้น 19 - 35 ปี,สมรส,ยังไม่ได้จดทะเบียนสมรส,ไม่,ไม่,ไม่,ใช่,ใช่,ไม่,ไม่,ใช่,ไม่,ไม่
ภาคกลาง,ฉะเชิงเทรา,เมืองฉะเชิงเทรา,บางแก้ว,ชาย,27,วัยผู้ใหญ่ตอนต้น 19 - 35 ปี,แยกกันอยู่,ยังไม่ได้จดทะเบียนหย่า,ไม่,ใช่,ไม่,ไม่,ไม่,ไม่,ไม่,ใช่,ไม่,ใช่
ภาคกลาง,ฉะเชิงเทรา,พนมสารคาม,หนองแหน,ชาย,14,วัยรุ่น 13 - 18 ปี,โสด,ไม่ระบุ,ไม่,ไม่,ใช่,ไม่,ไม่,ไม่,ไม่,ไม่,ไม่,ไม่
ภาคกลาง,ฉะเชิงเทรา,พนมสารคาม,หนองแหน,ชาย,13,วัยรุ่น 13 - 18 ปี,โสด,ไม่ระบุ,ไม่,ไม่,ใช่,ไม่,ไม่,ไม่,ไม่,ไม่,ไม่,ไม่
ภาคกลาง,ฉะเชิงเทรา,พนมสารคาม,หนองแหน,ชาย,14,วัยรุ่น 13 - 18 ปี,โสด,ไม่ระบุ,ไม่,ไม่,ใช่,ไม่,ไม่,ไม่,ไม่,ไม่,ไม่,ไม่
ภาคกลาง,ฉะเชิงเทรา,บางคล้า,ท่าทองหลาง,ชาย,19,วัยผู้ใหญ่ตอนต้น 19 - 35 ปี,โสด,ไม่ระบุ,ไม่,ไม่,ไม่,ไม่,ไม่,ไม่,ไม่,ใช่,ไม่,ไม่
ภาคกลาง,ชลบุรี,บ้านบึง,บ้านบึง,ชาย,41,วัยกลางคน 36 - 59 ปี,สมรส,จดทะเบียนสมรสแล้ว,ไม่,ใช่,ไม่,ไม่,ไม่,ไม่,ไม่,ไม่,ไม่,ไม่
ภาคกลาง,ชลบุรี,พนัสนิคม,พนัสนิคม,ชาย,39,วัยกลางคน 36 - 59 ปี,สมรส,จดทะเบียนสมรสแล้ว,ใช่,ใช่,ไม่,ไม่,ใช่,ไม่,ไม่,ไม่,ไม่,ไม่
ภาคกลาง,ชลบุรี,บางละมุง,บางละมุง,ชาย,21,วัยผู้ใหญ่ตอนต้น 19 - 35 ปี,โสด,ไม่ระบุ,ไม่,ใช่,ไม่,ไม่,ไม่,ไม่,ไม่,ไม่,ไม่,ไม่
ภาคกลาง,ชลบุรี,เมืองชลบุรี,อ่างศิลา,หญิง,38,วัยกลางคน 36 - 59 ปี,โสด,ไม่ระบุ,ไม่,ไม่,ไม่,ใช่,ไม่,ไม่,ไม่,ไม่,ไม่,ไม่
ภาคกลาง,ชลบุรี,บางละมุง,หนองปรือ,ชาย,14,วัยรุ่น 13 - 18 ปี,โสด,ไม่ระบุ,ไม่,ใช่,ไม่,ไม่,ไม่,ไม่,ไม่,ไม่,ไม่,ไม่
ภาคกลาง,ชลบุรี,บ้านบึง,บ้านบึง,ชาย,60,วัยสูงอายุ 60 ปีขึ้นไป,สมรส,จดทะเบียนสมรสแล้ว,ใช่,ไม่,ไม่,ใช่,ไม่,ไม่,ไม่,ไม่,ไม่,ไม่
ภาคกลาง,ชลบุรี,บางละมุง,นาเกลือ,ชาย,60,วัยสูงอายุ 60 ปีขึ้นไป,หม้าย (กรณีคู่สมรสเสียชีวิต),ไม่ระบุ,ใช่,ไม่,ไม่,ไม่,ไม่,ไม่,ไม่,ไม่,ไม่,ใช่
ภาคกลาง,ชลบุรี,ศรีราชา,บ่อวิน,หญิง,70,วัยสูงอายุ 60 ปีขึ้นไป,แยกกันอยู่,จดทะเบียนหย่า,ไม่,ไม่,ใช่,ไม่,ไม่,ไม่,ไม่,ไม่,ไม่,ไม่
ภาคกลาง,ชัยนาท,วัดสิงห์,มะขามเฒ่า,ชาย,53,วัยกลางคน 36 - 59 ปี,สมรส,ยังไม่ได้จดทะเบียนสมรส,ใช่,ไม่,ไม่,ใช่,ไม่,ไม่,ไม่,ไม่,ไม่,ไม่
ภาคกลาง,ชัยนาท,เนินขาม,เนินขาม,ชาย,51,วัยกลางคน 36 - 59 ปี,แยกกันอยู่,จดทะเบียนหย่า,ไม่,ไม่,ไม่,ใช่,ไม่,ไม่,ไม่,ไม่,ไม่,ไม่
ภาคกลาง,ชัยนาท,เนินขาม,เนินขาม,ชาย,29,วัยผู้ใหญ่ตอนต้น 19 - 35 ปี,แยกกันอยู่,จดทะเบียนหย่า,ไม่,ไม่,ไม่,ใช่,ไม่,ใช่,ไม่,ไม่,ไม่,ไม่
ภาคกลาง,ชัยนาท,สรรพยา,บางหลวง,ชาย,36,วัยกลางคน 36 - 59 ปี,แยกกันอยู่,จดทะเบียนหย่า,ไม่,ใช่,ไม่,ไม่,ไม่,ไม่,ไม่,ใช่,ไม่,ไม่
ภาคกลาง,ชัยนาท,เมืองชัยนาท,เสือโฮก,ชาย,40,วัยกลางคน 36 - 59 ปี,แยกกันอยู่,จดทะเบียนหย่า,ไม่,ใช่,ไม่,ไม่,ไม่,ไม่,ไม่,ใช่,ไม่,ไม่
ภาคกลาง,ชัยนาท,สรรคบุรี,แพรกศรีราชา,หญิง,38,วัยกลางคน 36 - 59 ปี,แยกกันอยู่,จดทะเบียนหย่า,ใช่,ใช่,ไม่,ไม่,ไม่,ไม่,ไม่,ไม่,ไม่,ไม่
ภาคกลาง,ชัยนาท,สรรคบุรี,แพรกศรีราชา,หญิง,38,วัยกลางคน 36 - 59 ปี,แยกกันอยู่,จดทะเบียนหย่า,ใช่,ใช่,ไม่,ไม่,ไม่,ไม่,ไม่,ไม่,ไม่,ไม่
ภาคกลาง,ชัยนาท,หนองมะโมง,สะพานหิน,ชาย,11,วัยเด็กตอนกลาง 7 - 12 ปี,โสด,ไม่ระบุ,ไม่,ไม่,ไม่,ไม่,ไม่,ไม่,ไม่,ใช่,ไม่,ไม่
ภาคกลาง,ชัยนาท,เนินขาม,เนินขาม,หญิง,31,วัยผู้ใหญ่ตอนต้น 19 - 35 ปี,หม้าย (กรณีคู่สมรสเสียชีวิต),ไม่ระบุ,ไม่,ใช่,ไม่,ไม่,ไม่,ไม่,ไม่,ไม่,ไม่,ไม่
ภาคกลาง,ชัยนาท,สรรพยา,หาดอาษา,ชาย,41,วัยกลางคน 36 - 59 ปี,สมรส,จดทะเบียนสมรสแล้ว,ไม่,ไม่,ไม่,ใช่,ไม่,ไม่,ไม่,ไม่,ไม่,ไม่
ภาคกลาง,ตราด,เมืองตราด,หนองโสน,ชาย,29,วัยผู้ใหญ่ตอนต้น 19 - 35 ปี,โสด,ไม่ระบุ,ไม่,ไม่,ใช่,ใช่,ไม่,ไม่,ไม่,ไม่,ไม่,ไม่
ภาคกลาง,ตราด,บ่อไร่,หนองบอน,ชาย,38,วัยกลางคน 36 - 59 ปี,โสด,ไม่ระบุ,ใช่,ไม่,ไม่,ไม่,ไม่,ไม่,ไม่,ไม่,ไม่,ใช่
ภาคกลาง,ตราด,เขาสมิง,แสนตุ้ง,ชาย,26,วัยผู้ใหญ่ตอนต้น 19 - 35 ปี,สมรส,ยังไม่ได้จดทะเบียนสมรส,ไม่,ไม่,ไม่,ใช่,ไม่,ไม่,ไม่,ไม่,ไม่,ไม่
ภาคกลาง,ตราด,เมืองตราด,วังกระแจะ,ชาย,26,วัยผู้ใหญ่ตอนต้น 19 - 35 ปี,สมรส,ยังไม่ได้จดทะเบียนสมรส,ใช่,ไม่,ไม่,ใช่,ไม่,ไม่,ไม่,ไม่,ไม่,ไม่
ภาคกลาง,นครนายก,เมืองนครนายก,หินตั้ง,ชาย,38,วัยกลางคน 36 - 59 ปี,โสด,ไม่ระบุ,ไม่,ใช่,ไม่,ไม่,ไม่,ไม่,ไม่,ไม่,ไม่,ไม่
ภาคกลาง,นครนายก,ปากพลี,ปากพลี,ชาย,35,วัยผู้ใหญ่ตอนต้น 19 - 35 ปี,โสด,ไม่ระบุ,ไม่,ไม่,ใช่,ไม่,ไม่,ไม่,ไม่,ไม่,ไม่,ไม่
ภาคกลาง,นครนายก,บ้านนา,ศรีกะอาง,ชาย,40,วัยกลางคน 36 - 59 ปี,สมรส,ยังไม่ได้จดทะเบียนสมรส,ไม่,ไม่,ใช่,ไม่,ไม่,ไม่,ไม่,ไม่,ไม่,ไม่
ภาคกลาง,นครนายก,องครักษ์,องครักษ์,หญิง,24,วัยผู้ใหญ่ตอนต้น 19 - 35 ปี,สมรส,ยังไม่ได้จดทะเบียนสมรส,ไม่,ไม่,ไม่,ใช่,ไม่,ไม่,ไม่,ไม่,ไม่,ไม่
ภาคกลาง,นครนายก,บ้านนา,ทองหลาง,ชาย,33,วัยผู้ใหญ่ตอนต้น 19 - 35 ปี,สมรส,ยังไม่ได้จดทะเบียนสมรส,ไม่,ไม่,ไม่,ไม่,ใช่,ไม่,ไม่,ไม่,ไม่,ไม่
ภาคกลาง,นนทบุรี,ไทรน้อย,ไทรน้อย,ชาย,30,วัยผู้ใหญ่ตอนต้น 19 - 35 ปี,สมรส,ยังไม่ได้จดทะเบียนสมรส,ใช่,ไม่,ไม่,ไม่,ไม่,ไม่,ไม่,ไม่,ไม่,ไม่
ภาคกลาง,นนทบุรี,บางใหญ่,บางแม่นาง,หญิง,64,วัยสูงอายุ 60 ปีขึ้นไป,สมรส,จดทะเบียนสมรสแล้ว,ไม่,ไม่,ใช่,ใช่,ไม่,ไม่,ไม่,ไม่,ไม่,ใช่
ภาคกลาง,นนทบุรี,บางบัวทอง,บางคูรัด,ชาย,59,วัยกลางคน 36 - 59 ปี,สมรส,ยังไม่ได้จดทะเบียนสมรส,ไม่,ไม่,ใช่,ไม่,ใช่,ไม่,ไม่,ไม่,ไม่,ไม่
ภาคกลาง,นนทบุรี,ปากเกร็ด,บางพูด,ชาย,46,วัยกลางคน 36 - 59 ปี,สมรส,ยังไม่ได้จดทะเบียนสมรส,ไม่,ไม่,ไม่,ใช่,ไม่,ไม่,ไม่,ไม่,ไม่,ไม่
ภาคกลาง,นนทบุรี,บางใหญ่,บางแม่นาง,หญิง,46,วัยกลางคน 36 - 59 ปี,โสด,ไม่ระบุ,ไม่,ไม่,ไม่,ไม่,ไม่,ไม่,ไม่,ใช่,ไม่,ไม่
ภาคกลาง,นนทบุรี,ปากเกร็ด,คลองเกลือ,หญิง,44,วัยกลางคน 36 - 59 ปี,สมรส,จดทะเบียนสมรสแล้ว,ไม่,ไม่,ไม่,ใช่,ไม่,ไม่,ไม่,ไม่,ไม่,ไม่
ภาคกลาง,นนทบุรี,เมืองนนทบุรี,บางกระสอ,ชาย,51,วัยกลางคน 36 - 59 ปี,โสด,ไม่ระบุ,ไม่,ไม่,ไม่,ไม่,ใช่,ไม่,ไม่,ไม่,ไม่,ไม่
ภาคกลาง,นนทบุรี,เมืองนนทบุรี,ไทรม้า,หญิง,40,วัยกลางคน 36 - 59 ปี,โสด,ไม่ระบุ,ไม่,ไม่,ใช่,ไม่,ไม่,ไม่,ไม่,ไม่,ไม่,ไม่
ภาคกลาง,นนทบุรี,เมืองนนทบุรี,บางศรีเมือง,หญิง,40,วัยกลางคน 36 - 59 ปี,สมรส,ยังไม่ได้จดทะเบียนสมรส,ไม่,ไม่,ไม่,ไม่,ไม่,ไม่,ไม่,ไม่,ไม่,ใช่
ภาคกลาง,นนทบุรี,เมืองนนทบุรี,บางเขน,ชาย,38,วัยกลางคน 36 - 59 ปี,สมรส,ยังไม่ได้จดทะเบียนสมรส,ไม่,ไม่,ใช่,ไม่,ไม่,ไม่,ไม่,ไม่,ไม่,ไม่
ภาคกลาง,ปทุมธานี,เมืองปทุมธานี,บางปรอก,ชาย,44,วัยกลางคน 36 - 59 ปี,สมรส,จดทะเบียนสมรสแล้ว,ไม่,ไม่,ไม่,ไม่,ใช่,ไม่,ไม่,ไม่,ไม่,ใช่
ภาคกลาง,ปทุมธานี,ธัญบุรี,ประชาธิปัตย์,ชาย,35,วัยผู้ใหญ่ตอนต้น 19 - 35 ปี,โสด,ไม่ระบุ,ใช่,ใช่,ไม่,ไม่,ไม่,ไม่,ใช่,ใช่,ไม่,ไม่
ภาคกลาง,ประจวบคีรีขันธ์,กุยบุรี,ดอนยายหนู,ชาย,31,วัยผู้ใหญ่ตอนต้น 19 - 35 ปี,สมรส,ยังไม่ได้จดทะเบียนสมรส,ใช่,ไม่,ไม่,ไม่,ไม่,ไม่,ไม่,ไม่,ไม่,ไม่
ภาคกลาง,ประจวบคีรีขันธ์,สามร้อยยอด,ไร่เก่า,ชาย,35,วัยผู้ใหญ่ตอนต้น 19 - 35 ปี,สมรส,ยังไม่ได้จดทะเบียนสมรส,ไม่,ไม่,ไม่,ไม่,ใช่,ไม่,ไม่,ไม่,ไม่,ไม่
ภาคกลาง,ปราจีนบุรี,ศรีมหาโพธิ,ท่าตูม,ชาย,41,วัยกลางคน 36 - 59 ปี,สมรส,จดทะเบียนสมรสแล้ว,ใช่,ไม่,ไม่,ไม่,ใช่,ไม่,ไม่,ไม่,ไม่,ไม่
ภาคกลาง,พระนครศรีอยุธยา,อุทัย,คานหาม,ชาย,48,วัยกลางคน 36 - 59 ปี,แยกกันอยู่,จดทะเบียนหย่า,ไม่,ใช่,ไม่,ไม่,ไม่,ไม่,ไม่,ไม่,ไม่,ไม่
ภาคกลาง,พระนครศรีอยุธยา,บางปะอิน,วัดยม,หญิง,32,วัยผู้ใหญ่ตอนต้น 19 - 35 ปี,สมรส,จดทะเบียนสมรสแล้ว,ไม่,ไม่,ไม่,ใช่,ไม่,ไม่,ไม่,ไม่,ไม่,ไม่
ภาคกลาง,พระนครศรีอยุธยา,มหาราช,บ้านขวาง,ชาย,53,วัยกลางคน 36 - 59 ปี,สมรส,ยังไม่ได้จดทะเบียนสมรส,ไม่,ใช่,ไม่,ไม่,ไม่,ไม่,ไม่,ไม่,ไม่,ไม่
ภาคกลาง,พระนครศรีอยุธยา,บางบาล,บ้านกุ่ม,ชาย,53,วัยกลางคน 36 - 59 ปี,โสด,ไม่ระบุ,ใช่,ใช่,ใช่,ไม่,ไม่,ไม่,ไม่,ไม่,ไม่,ไม่
ภาคกลาง,พระนครศรีอยุธยา,บางปะอิน,บ้านเลน,หญิง,63,วัยสูงอายุ 60 ปีขึ้นไป,สมรส,จดทะเบียนสมรสแล้ว,ไม่,ไม่,ไม่,ใช่,ไม่,ไม่,ใช่,ใช่,ไม่,ไม่
ภาคกลาง,พระนครศรีอยุธยา,เมืองพระนครศรีอยุธยา,ไผ่ลิง,ชาย,30,วัยผู้ใหญ่ตอนต้น 19 - 35 ปี,โสด,ไม่ระบุ,ไม่,ใช่,ไม่,ไม่,ไม่,ไม่,ไม่,ใช่,ไม่,ไม่
ภาคกลาง,พระนครศรีอยุธยา,บางปะอิน,ตลาดเกรียบ,หญิง,39,วัยกลางคน 36 - 59 ปี,โสด,ไม่ระบุ,ไม่,ไม่,ไม่,ใช่,ไม่,ไม่,ไม่,ไม่,ไม่,ใช่
ภาคกลาง,พระนครศรีอยุธยา,นครหลวง,บ่อโพง,ชาย,44,วัยกลางคน 36 - 59 ปี,โสด,ไม่ระบุ,ใช่,ใช่,ไม่,ไม่,ใช่,ไม่,ไม่,ไม่,ไม่,ไม่
ภาคกลาง,พระนครศรีอยุธยา,วังน้อย,สนับทึบ,หญิง,65,วัยสูงอายุ 60 ปีขึ้นไป,หม้าย (กรณีคู่สมรสเสียชีวิต),ไม่ระบุ,ไม่,ไม่,ไม่,ไม่,ไม่,ไม่,ไม่,ใช่,ไม่,ไม่
ภาคกลาง,ระยอง,เมืองระยอง,เชิงเนิน,ชาย,33,วัยผู้ใหญ่ตอนต้น 19 - 35 ปี,โสด,ไม่ระบุ,ไม่,ไม่,ไม่,ใช่,ไม่,ไม่,ไม่,ไม่,ไม่,ไม่
ภาคกลาง,ระยอง,บ้านค่าย,หนองบัว,ชาย,34,วัยผู้ใหญ่ตอนต้น 19 - 35 ปี,โสด,ไม่ระบุ,ไม่,ไม่,ไม่,ใช่,ไม่,ไม่,ไม่,ใช่,ไม่,ไม่
ภาคกลาง,ระยอง,เมืองระยอง,ทับมา,ชาย,32,วัยผู้ใหญ่ตอนต้น 19 - 35 ปี,สมรส,ยังไม่ได้จดทะเบียนสมรส,ใช่,ไม่,ใช่,ใช่,ไม่,ไม่,ไม่,ไม่,ไม่,ไม่
ภาคกลาง,ระยอง,เมืองระยอง,เชิงเนิน,ชาย,38,วัยกลางคน 36 - 59 ปี,โสด,ไม่ระบุ,ไม่,ใช่,ไม่,ใช่,ไม่,ไม่,ไม่,ไม่,ไม่,ไม่
ภาคกลาง,ระยอง,แกลง,วังหว้า,ชาย,44,วัยกลางคน 36 - 59 ปี,สมรส,ยังไม่ได้จดทะเบียนสมรส,ใช่,ไม่,ไม่,ไม่,ใช่,ไม่,ไม่,ใช่,ไม่,ไม่
ภาคกลาง,ระยอง,เมืองระยอง,เนินพระ,ชาย,36,วัยกลางคน 36 - 59 ปี,สมรส,ยังไม่ได้จดทะเบียนสมรส,ไม่,ไม่,ใช่,ใช่,ไม่,ไม่,ไม่,ไม่,ไม่,ไม่
ภาคกลาง,ระยอง,เมืองระยอง,ปากน้ำ,ชาย,34,วัยผู้ใหญ่ตอนต้น 19 - 35 ปี,โสด,ไม่ระบุ,ไม่,ไม่,ไม่,ไม่,ไม่,ไม่,ไม่,ใช่,ไม่,ไม่
ภาคกลาง,ระยอง,เมืองระยอง,เชิงเนิน,ชาย,27,วัยผู้ใหญ่ตอนต้น 19 - 35 ปี,แยกกันอยู่,จดทะเบียนหย่า,ไม่,ใช่,ไม่,ใช่,ไม่,ไม่,ไม่,ไม่,ไม่,ไม่
ภาคกลาง,ระยอง,เมืองระยอง,เนินพระ,ชาย,17,วัยรุ่น 13 - 18 ปี,โสด,ไม่ระบุ,ไม่,ใช่,ไม่,ใช่,ไม่,ไม่,ไม่,ไม่,ไม่,ไม่
ภาคกลาง,ระยอง,เมืองระยอง,ตะพง,ชาย,33,วัยผู้ใหญ่ตอนต้น 19 - 35 ปี,สมรส,ยังไม่ได้จดทะเบียนสมรส,ไม่,ใช่,ใช่,ใช่,ไม่,ไม่,ไม่,ไม่,ไม่,ไม่
ภาคกลาง,ราชบุรี,เมืองราชบุรี,เจดีย์หัก,หญิง,60,วัยสูงอายุ 60 ปีขึ้นไป,สมรส,ยังไม่ได้จดทะเบียนสมรส,ไม่,ไม่,ไม่,ไม่,ไม่,ไม่,ใช่,ไม่,ไม่,ใช่
ภาคกลาง,ราชบุรี,วัดเพลง,เกาะศาลพระ,ชาย,38,วัยกลางคน 36 - 59 ปี,สมรส,จดทะเบียนสมรสแล้ว,ไม่,ไม่,ไม่,ใช่,ไม่,ไม่,ไม่,ไม่,ไม่,ใช่
ภาคกลาง,ราชบุรี,โพธาราม,เตาปูน,ชาย,36,วัยกลางคน 36 - 59 ปี,สมรส,จดทะเบียนสมรสแล้ว,ไม่,ไม่,ไม่,ใช่,ใช่,ไม่,ไม่,ไม่,ไม่,ไม่
ภาคกลาง,ราชบุรี,บ้านโป่ง,หนองกบ,ชาย,36,วัยกลางคน 36 - 59 ปี,สมรส,ยังไม่ได้จดทะเบียนสมรส,ไม่,ใช่,ใช่,ไม่,ไม่,ไม่,ไม่,ไม่,ไม่,ไม่
ภาคกลาง,ราชบุรี,เมืองราชบุรี,หน้าเมือง,หญิง,30,วัยผู้ใหญ่ตอนต้น 19 - 35 ปี,สมรส,ยังไม่ได้จดทะเบียนสมรส,ไม่,ไม่,ใช่,ไม่,ไม่,ไม่,ไม่,ไม่,ไม่,ไม่
ภาคกลาง,ราชบุรี,เมืองราชบุรี,พิกุลทอง,ชาย,52,วัยกลางคน 36 - 59 ปี,สมรส,ยังไม่ได้จดทะเบียนสมรส,ไม่,ไม่,ไม่,ไม่,ไม่,ไม่,ไม่,ไม่,ใช่,ไม่
ภาคกลาง,ราชบุรี,โพธาราม,หนองโพ,ชาย,60,วัยสูงอายุ 60 ปีขึ้นไป,สมรส,ยังไม่ได้จดทะเบียนสมรส,ไม่,ไม่,ใช่,ไม่,ไม่,ไม่,ไม่,ไม่,ไม่,ไม่
ภาคกลาง,ราชบุรี,โพธาราม,หนองโพ,ชาย,60,วัยสูงอายุ 60 ปีขึ้นไป,สมรส,ยังไม่ได้จดทะเบียนสมรส,ไม่,ไม่,ใช่,ไม่,ไม่,ไม่,ไม่,ไม่,ไม่,ไม่
ภาคกลาง,ราชบุรี,บางแพ,ดอนใหญ่,หญิง,34,วัยผู้ใหญ่ตอนต้น 19 - 35 ปี,แยกกันอยู่,ยังไม่ได้จดทะเบียนหย่า,ไม่,ไม่,ไม่,ไม่,ไม่,ไม่,ไม่,ใช่,ไม่,ไม่
ภาคกลาง,ราชบุรี,โพธาราม,เจ็ดเสมียน,ชาย,45,วัยกลางคน 36 - 59 ปี,สมรส,ยังไม่ได้จดทะเบียนสมรส,ใช่,ใช่,ใช่,ไม่,ไม่,ไม่,ไม่,ไม่,ไม่,ไม่
ภาคกลาง,ราชบุรี,วัดเพลง,วัดเพลง,หญิง,38,วัยกลางคน 36 - 59 ปี,แยกกันอยู่,ยังไม่ได้จดทะเบียนหย่า,ไม่,ไม่,ใช่,ไม่,ไม่,ไม่,ไม่,ไม่,ไม่,ใช่
ภาคกลาง,ราชบุรี,เมืองราชบุรี,หน้าเมือง,หญิง,53,วัยกลางคน 36 - 59 ปี,สมรส,ไม่ระบุ,ไม่,ไม่,ใช่,ใช่,ไม่,ไม่,ไม่,ไม่,ไม่,ไม่
ภาคกลาง,ราชบุรี,บ้านโป่ง,ลาดบัวขาว,ชาย,34,วัยผู้ใหญ่ตอนต้น 19 - 35 ปี,แยกกันอยู่,ยังไม่ได้จดทะเบียนหย่า,ใช่,ใช่,ไม่,ไม่,ไม่,ไม่,ไม่,ไม่,ไม่,ไม่
ภาคกลาง,ราชบุรี,บ้านโป่ง,ลาดบัวขาว,ชาย,34,วัยผู้ใหญ่ตอนต้น 19 - 35 ปี,แยกกันอยู่,ยังไม่ได้จดทะเบียนหย่า,ใช่,ใช่,ไม่,ไม่,ไม่,ไม่,ไม่,ไม่,ไม่,ไม่
ภาคกลาง,ราชบุรี,เมืองราชบุรี,เกาะพลับพลา,ชาย,59,วัยกลางคน 36 - 59 ปี,สมรส,ยังไม่ได้จดทะเบียนสมรส,ใช่,ใช่,ใช่,ไม่,ไม่,ไม่,ไม่,ไม่,ไม่,ไม่
ภาคกลาง,ราชบุรี,โพธาราม,บ้านเลือก,ชาย,33,วัยผู้ใหญ่ตอนต้น 19 - 35 ปี,แยกกันอยู่,ยังไม่ได้จดทะเบียนหย่า,ไม่,ไม่,ไม่,ใช่,ใช่,ไม่,ไม่,ไม่,ไม่,ไม่
ภาคกลาง,ราชบุรี,บ้านโป่ง,ปากแรต,หญิง,32,วัยผู้ใหญ่ตอนต้น 19 - 35 ปี,สมรส,ยังไม่ได้จดทะเบียนสมรส,ไม่,ไม่,ใช่,ใช่,ไม่,ไม่,ไม่,ไม่,ไม่,ไม่
ภาคกลาง,ราชบุรี,จอมบึง,จอมบึง,ชาย,41,วัยกลางคน 36 - 59 ปี,แยกกันอยู่,ยังไม่ได้จดทะเบียนหย่า,ไม่,ไม่,ใช่,ไม่,ไม่,ไม่,ไม่,ไม่,ไม่,ไม่
ภาคกลาง,ราชบุรี,เมืองราชบุรี,พิกุลทอง,ชาย,28,วัยผู้ใหญ่ตอนต้น 19 - 35 ปี,แยกกันอยู่,ยังไม่ได้จดทะเบียนหย่า,ไม่,ใช่,ไม่,ไม่,ใช่,ไม่,ไม่,ไม่,ไม่,ไม่
ภาคกลาง,ราชบุรี,ปากท่อ,ห้วยยางโทน,ชาย,25,วัยผู้ใหญ่ตอนต้น 19 - 35 ปี,สมรส,ยังไม่ได้จดทะเบียนสมรส,ไม่,ไม่,ไม่,ใช่,ไม่,ไม่,ไม่,ไม่,ไม่,ไม่
ภาคกลาง,ราชบุรี,จอมบึง,ด่านทับตะโก,ชาย,28,วัยผู้ใหญ่ตอนต้น 19 - 35 ปี,สมรส,ยังไม่ได้จดทะเบียนสมรส,ไม่,ไม่,ใช่,ไม่,ใช่,ไม่,ไม่,ไม่,ไม่,ไม่
ภาคกลาง,ราชบุรี,จอมบึง,ปากช่อง,ชาย,27,วัยผู้ใหญ่ตอนต้น 19 - 35 ปี,สมรส,ยังไม่ได้จดทะเบียนสมรส,ไม่,ไม่,ใช่,ไม่,ไม่,ไม่,ไม่,ไม่,ไม่,ไม่
ภาคกลาง,ราชบุรี,เมืองราชบุรี,ดอนตะโก,ชาย,33,วัยผู้ใหญ่ตอนต้น 19 - 35 ปี,สมรส,ยังไม่ได้จดทะเบียนสมรส,ไม่,ใช่,ไม่,ไม่,ใช่,ไม่,ไม่,ไม่,ไม่,ไม่
ภาคกลาง,ราชบุรี,โพธาราม,หนองกวาง,ชาย,33,วัยผู้ใหญ่ตอนต้น 19 - 35 ปี,สมรส,ยังไม่ได้จดทะเบียนสมรส,ใช่,ใช่,ไม่,ไม่,ใช่,ไม่,ไม่,ไม่,ไม่,ไม่
ภาคกลาง,ราชบุรี,บ้านโป่ง,เขาขลุง,ชาย,30,วัยผู้ใหญ่ตอนต้น 19 - 35 ปี,โสด,ไม่ระบุ,ไม่,ใช่,ไม่,ไม่,ไม่,ไม่,ไม่,ไม่,ไม่,ไม่
ภาคกลาง,ราชบุรี,บ้านคา,บ้านคา,หญิง,79,วัยสูงอายุ 60 ปีขึ้นไป,หม้าย (กรณีคู่สมรสเสียชีวิต),ไม่ระบุ,ไม่,ใช่,ไม่,ไม่,ไม่,ไม่,ไม่,ใช่,ไม่,ไม่
ภาคกลาง,ราชบุรี,โพธาราม,โพธาราม,ไม่ระบุเพศ,30,วัยผู้ใหญ่ตอนต้น 19 - 35 ปี,โสด,ไม่ระบุ,ใช่,ไม่,ไม่,ใช่,ไม่,ไม่,ไม่,ใช่,ไม่,ไม่
ภาคกลาง,ราชบุรี,เมืองราชบุรี,หนองกลางนา,ชาย,34,วัยผู้ใหญ่ตอนต้น 19 - 35 ปี,สมรส,ยังไม่ได้จดทะเบียนสมรส,ใช่,ใช่,ใช่,ไม่,ไม่,ไม่,ไม่,ไม่,ไม่,ไม่
ภาคกลาง,ราชบุรี,โพธาราม,เตาปูน,หญิง,40,วัยกลางคน 36 - 59 ปี,สมรส,ยังไม่ได้จดทะเบียนสมรส,ไม่,ไม่,ใช่,ใช่,ไม่,ไม่,ไม่,ไม่,ไม่,ไม่
ภาคกลาง,ราชบุรี,ดำเนินสะดวก,แพงพวย,หญิง,26,วัยผู้ใหญ่ตอนต้น 19 - 35 ปี,สมรส,ยังไม่ได้จดทะเบียนสมรส,ไม่,ไม่,ใช่,ไม่,ไม่,ใช่,ไม่,ไม่,ไม่,ไม่
ภาคกลาง,ราชบุรี,โพธาราม,ชำแระ,ชาย,62,วัยสูงอายุ 60 ปีขึ้นไป,หม้าย (กรณีคู่สมรสเสียชีวิต),ไม่ระบุ,ไม่,ไม่,ใช่,ไม่,ไม่,ไม่,ไม่,ไม่,ไม่,ใช่
ภาคกลาง,ราชบุรี,เมืองราชบุรี,ดอนตะโก,ชาย,51,วัยกลางคน 36 - 59 ปี,สมรส,จดทะเบียนสมรสแล้ว,ไม่,ไม่,ใช่,ไม่,ไม่,ไม่,ไม่,ไม่,ไม่,ไม่
ภาคกลาง,ราชบุรี,ดำเนินสะดวก,ดำเนินสะดวก,หญิง,40,วัยกลางคน 36 - 59 ปี,สมรส,ยังไม่ได้จดทะเบียนสมรส,ไม่,ไม่,ใช่,ไม่,ไม่,ไม่,ไม่,ใช่,ไม่,ไม่
ภาคกลาง,ราชบุรี,เมืองราชบุรี,เกาะพลับพลา,ชาย,52,วัยกลางคน 36 - 59 ปี,สมรส,ยังไม่ได้จดทะเบียนสมรส,ไม่,ไม่,ใช่,ไม่,ไม่,ไม่,ไม่,ไม่,ไม่,ไม่
ภาคกลาง,ราชบุรี,เมืองราชบุรี,เกาะพลับพลา,ชาย,52,วัยกลางคน 36 - 59 ปี,สมรส,ยังไม่ได้จดทะเบียนสมรส,ไม่,ไม่,ใช่,ใช่,ไม่,ไม่,ไม่,ไม่,ไม่,ไม่
ภาคกลาง,ราชบุรี,โพธาราม,เขาชะงุ้ม,ชาย,41,วัยกลางคน 36 - 59 ปี,โสด,ไม่ระบุ,ไม่,ใช่,ใช่,ไม่,ไม่,ไม่,ไม่,ไม่,ไม่,ไม่
ภาคกลาง,ราชบุรี,บางแพ,วังเย็น,ชาย,31,วัยผู้ใหญ่ตอนต้น 19 - 35 ปี,โสด,ไม่ระบุ,ไม่,ใช่,ใช่,ไม่,ไม่,ไม่,ไม่,ใช่,ไม่,ไม่
ภาคกลาง,ราชบุรี,ปากท่อ,ดอนทราย,ชาย,44,วัยกลางคน 36 - 59 ปี,สมรส,ยังไม่ได้จดทะเบียนสมรส,ไม่,ไม่,ใช่,ใช่,ไม่,ไม่,ไม่,ไม่,ไม่,ไม่
ภาคกลาง,ราชบุรี,จอมบึง,เบิกไพร,ชาย,33,วัยผู้ใหญ่ตอนต้น 19 - 35 ปี,โสด,ไม่ระบุ,ใช่,ใช่,ใช่,ไม่,ไม่,ไม่,ไม่,ไม่,ไม่,ใช่
ภาคกลาง,ราชบุรี,เมืองราชบุรี,น้ำพุ,หญิง,57,วัยกลางคน 36 - 59 ปี,แยกกันอยู่,ยังไม่ได้จดทะเบียนหย่า,ใช่,ไม่,ใช่,ใช่,ไม่,ไม่,ไม่,ไม่,ไม่,ไม่
ภาคกลาง,ราชบุรี,วัดเพลง,วัดเพลง,ชาย,51,วัยกลางคน 36 - 59 ปี,สมรส,ยังไม่ได้จดทะเบียนสมรส,ไม่,ไม่,ใช่,ไม่,ไม่,ไม่,ไม่,ไม่,ไม่,ไม่
ภาคกลาง,ราชบุรี,เมืองราชบุรี,สามเรือน,ชาย,39,วัยกลางคน 36 - 59 ปี,แยกกันอยู่,ยังไม่ได้จดทะเบียนหย่า,ไม่,ใช่,ใช่,ไม่,ไม่,ไม่,ไม่,ไม่,ไม่,ไม่
ภาคกลาง,ราชบุรี,โพธาราม,คลองตาคต,ชาย,35,วัยผู้ใหญ่ตอนต้น 19 - 35 ปี,สมรส,ยังไม่ได้จดทะเบียนสมรส,ไม่,ไม่,ไม่,ไม่,ใช่,ไม่,ไม่,ไม่,ไม่,ใช่
ภาคกลาง,ราชบุรี,จอมบึง,จอมบึง,ชาย,21,วัยผู้ใหญ่ตอนต้น 19 - 35 ปี,แยกกันอยู่,ยังไม่ได้จดทะเบียนหย่า,ไม่,ไม่,ไม่,ใช่,ใช่,ไม่,ไม่,ไม่,ไม่,ไม่
ภาคกลาง,ราชบุรี,เมืองราชบุรี,ดอนตะโก,ชาย,42,วัยกลางคน 36 - 59 ปี,สมรส,จดทะเบียนสมรสแล้ว,ใช่,ไม่,ใช่,ใช่,ใช่,ไม่,ไม่,ไม่,ไม่,ไม่
ภาคกลาง,ราชบุรี,โพธาราม,บ้านสิงห์,ชาย,47,วัยกลางคน 36 - 59 ปี,สมรส,ยังไม่ได้จดทะเบียนสมรส,ไม่,ไม่,ใช่,ไม่,ใช่,ไม่,ไม่,ไม่,ไม่,ไม่
ภาคกลาง,ราชบุรี,บ้านโป่ง,เขาขลุง,ชาย,66,วัยสูงอายุ 60 ปีขึ้นไป,แยกกันอยู่,ยังไม่ได้จดทะเบียนหย่า,ไม่,ไม่,ใช่,ไม่,ไม่,ไม่,ไม่,ไม่,ไม่,ไม่
ภาคกลาง,ราชบุรี,จอมบึง,จอมบึง,ชาย,60,วัยสูงอายุ 60 ปีขึ้นไป,แยกกันอยู่,ยังไม่ได้จดทะเบียนหย่า,ใช่,ไม่,ใช่,ไม่,ไม่,ไม่,ไม่,ไม่,ไม่,ไม่
ภาคกลาง,ลพบุรี,ชัยบาดาล,บ้านใหม่สามัคคี,หญิง,50,วัยกลางคน 36 - 59 ปี,สมรส,ยังไม่ได้จดทะเบียนสมรส,ไม่,ไม่,ไม่,ใช่,ไม่,ไม่,ไม่,ไม่,ไม่,ไม่
ภาคกลาง,ลพบุรี,ชัยบาดาล,บัวชุม,ชาย,43,วัยกลางคน 36 - 59 ปี,โสด,ไม่ระบุ,ไม่,ใช่,ไม่,ไม่,ไม่,ไม่,ไม่,ใช่,ไม่,ไม่
ภาคกลาง,ลพบุรี,เมืองลพบุรี,ท่าหิน,ชาย,20,วัยผู้ใหญ่ตอนต้น 19 - 35 ปี,แยกกันอยู่,ยังไม่ได้จดทะเบียนหย่า,ไม่,ไม่,ไม่,ใช่,ใช่,ไม่,ไม่,ไม่,ไม่,ไม่
ภาคกลาง,ลพบุรี,ชัยบาดาล,บ้านใหม่สามัคคี,ชาย,53,วัยกลางคน 36 - 59 ปี,สมรส,จดทะเบียนสมรสแล้ว,ไม่,ไม่,ไม่,ใช่,ไม่,ไม่,ไม่,ไม่,ไม่,ไม่
ภาคกลาง,ลพบุรี,ชัยบาดาล,ท่ามะนาว,ชาย,37,วัยกลางคน 36 - 59 ปี,สมรส,ยังไม่ได้จดทะเบียนสมรส,ใช่,ไม่,ไม่,ใช่,ไม่,ไม่,ไม่,ไม่,ไม่,ไม่
ภาคกลาง,ลพบุรี,เมืองลพบุรี,ทะเลชุบศร,หญิง,36,วัยกลางคน 36 - 59 ปี,สมรส,จดทะเบียนสมรสแล้ว,ไม่,ไม่,ไม่,ใช่,ไม่,ไม่,ไม่,ไม่,ไม่,ไม่
ภาคกลาง,ลพบุรี,เมืองลพบุรี,โคกกะเทียม,ชาย,46,วัยกลางคน 36 - 59 ปี,สมรส,ยังไม่ได้จดทะเบียนสมรส,ไม่,ไม่,ไม่,ไม่,ไม่,ไม่,ไม่,ไม่,ไม่,ใช่
ภาคกลาง,สมุทรปราการ,เมืองสมุทรปราการ,สำโรงเหนือ,ชาย,23,วัยผู้ใหญ่ตอนต้น 19 - 35 ปี,โสด,ไม่ระบุ,ไม่,ไม่,ไม่,ไม่,ไม่,ไม่,ไม่,ไม่,ไม่,ใช่
ภาคกลาง,สมุทรสงคราม,เมืองสมุทรสงคราม,ลาดใหญ่,ชาย,55,วัยกลางคน 36 - 59 ปี,สมรส,ยังไม่ได้จดทะเบียนสมรส,ใช่,ไม่,ไม่,ไม่,ไม่,ไม่,ไม่,ไม่,ไม่,ไม่
ภาคกลาง,สมุทรสาคร,เมืองสมุทรสาคร,บางหญ้าแพรก,ชาย,77,วัยสูงอายุ 60 ปีขึ้นไป,สมรส,ยังไม่ได้จดทะเบียนสมรส,ไม่,ไม่,ไม่,ไม่,ใช่,ไม่,ใช่,ไม่,ไม่,ไม่
ภาคกลาง,สมุทรสาคร,เมืองสมุทรสาคร,โกรกกราก,ชาย,50,วัยกลางคน 36 - 59 ปี,สมรส,ยังไม่ได้จดทะเบียนสมรส,ใช่,ไม่,ไม่,ใช่,ไม่,ใช่,ไม่,ไม่,ไม่,ไม่
ภาคกลาง,สมุทรสาคร,กระทุ่มแบน,อ้อมน้อย,ชาย,54,วัยกลางคน 36 - 59 ปี,แยกกันอยู่,ยังไม่ได้จดทะเบียนหย่า,ไม่,ไม่,ใช่,ไม่,ไม่,ไม่,ไม่,ไม่,ไม่,ใช่
ภาคกลาง,สมุทรสาคร,เมืองสมุทรสาคร,ท่าจีน,ชาย,49,วัยกลางคน 36 - 59 ปี,แยกกันอยู่,ยังไม่ได้จดทะเบียนหย่า,ใช่,ไม่,ไม่,ไม่,ไม่,ไม่,ไม่,ไม่,ไม่,ไม่
ภาคกลาง,สระบุรี,พระพุทธบาท,พุคำจาน,ชาย,56,วัยกลางคน 36 - 59 ปี,สมรส,จดทะเบียนสมรสแล้ว,ไม่,ไม่,ไม่,ใช่,ไม่,ไม่,ไม่,ไม่,ไม่,ไม่
ภาคกลาง,สระบุรี,เฉลิมพระเกียรติ,หน้าพระลาน,ชาย,29,วัยผู้ใหญ่ตอนต้น 19 - 35 ปี,สมรส,จดทะเบียนสมรสแล้ว,ไม่,ใช่,ไม่,ไม่,ไม่,ไม่,ไม่,ไม่,ไม่,ไม่
ภาคกลาง,สระบุรี,มวกเหล็ก,มิตรภาพ,หญิง,47,วัยกลางคน 36 - 59 ปี,โสด,ไม่ระบุ,ไม่,ไม่,ใช่,ไม่,ไม่,ไม่,ไม่,ไม่,ไม่,ไม่
ภาคกลาง,สระบุรี,แก่งคอย,ตาลเดี่ยว,ชาย,41,วัยกลางคน 36 - 59 ปี,โสด,ไม่ระบุ,ใช่,ใช่,ไม่,ไม่,ใช่,ไม่,ไม่,ไม่,ไม่,ไม่
ภาคกลาง,สระบุรี,เสาไห้,สวนดอกไม้,หญิง,16,วัยรุ่น 13 - 18 ปี,โสด,ไม่ระบุ,ไม่,ไม่,ไม่,ใช่,ไม่,ไม่,ไม่,ไม่,ไม่,ไม่
ภาคกลาง,สระบุรี,เมืองสระบุรี,ปากเพรียว,ชาย,42,วัยกลางคน 36 - 59 ปี,สมรส,ยังไม่ได้จดทะเบียนสมรส,ใช่,ไม่,ไม่,ไม่,ใช่,ไม่,ไม่,ไม่,ไม่,ไม่
ภาคกลาง,สระบุรี,วิหารแดง,หนองสรวง,ชาย,42,วัยกลางคน 36 - 59 ปี,สมรส,ยังไม่ได้จดทะเบียนสมรส,ใช่,ใช่,ไม่,ไม่,ใช่,ไม่,ไม่,ไม่,ไม่,ไม่
ภาคกลาง,สระบุรี,พระพุทธบาท,ห้วยป่าหวาย,ชาย,17,วัยรุ่น 13 - 18 ปี,โสด,ไม่ระบุ,ไม่,ไม่,ไม่,ใช่,ไม่,ไม่,ไม่,ไม่,ไม่,ไม่
ภาคกลาง,สระบุรี,วังม่วง,วังม่วง,หญิง,34,วัยผู้ใหญ่ตอนต้น 19 - 35 ปี,สมรส,ยังไม่ได้จดทะเบียนสมรส,ไม่,ใช่,ไม่,ไม่,ไม่,ไม่,ไม่,ไม่,ไม่,ใช่
ภาคกลาง,สระบุรี,เฉลิมพระเกียรติ,หน้าพระลาน,ชาย,36,วัยกลางคน 36 - 59 ปี,โสด,ไม่ระบุ,ไม่,ใช่,ไม่,ไม่,ไม่,ไม่,ไม่,ไม่,ไม่,ไม่
ภาคกลาง,สระแก้ว,คลองหาด,ไทรเดี่ยว,ชาย,43,วัยกลางคน 36 - 59 ปี,โสด,ไม่ระบุ,ใช่,ไม่,ไม่,ไม่,ไม่,ไม่,ไม่,ไม่,ไม่,ใช่
ภาคกลาง,สระแก้ว,เขาฉกรรจ์,หนองหว้า,หญิง,45,วัยกลางคน 36 - 59 ปี,สมรส,ยังไม่ได้จดทะเบียนสมรส,ไม่,ไม่,ไม่,ไม่,ไม่,ไม่,ไม่,ไม่,ไม่,ใช่
ภาคกลาง,สระแก้ว,วังน้ำเย็น,คลองหินปูน,หญิง,40,วัยกลางคน 36 - 59 ปี,สมรส,จดทะเบียนสมรสแล้ว,ไม่,ไม่,ไม่,ไม่,ไม่,ไม่,ไม่,ไม่,ไม่,ใช่
ภาคกลาง,สระแก้ว,วัฒนานคร,วัฒนานคร,หญิง,49,วัยกลางคน 36 - 59 ปี,หม้าย (กรณีคู่สมรสเสียชีวิต),ไม่ระบุ,ไม่,ไม่,ใช่,ใช่,ไม่,ไม่,ไม่,ไม่,ไม่,ไม่
ภาคกลาง,สระแก้ว,เมืองสระแก้ว,สระแก้ว,หญิง,37,วัยกลางคน 36 - 59 ปี,โสด,ไม่ระบุ,ไม่,ใช่,ไม่,ไม่,ไม่,ไม่,ไม่,ไม่,ไม่,ไม่
ภาคกลาง,สิงห์บุรี,ท่าช้าง,โพประจักษ์,ชาย,38,วัยกลางคน 36 - 59 ปี,โสด,ไม่ระบุ,ไม่,ใช่,ไม่,ไม่,ไม่,ไม่,ไม่,ไม่,ไม่,ไม่
ภาคกลาง,สิงห์บุรี,เมืองสิงห์บุรี,ต้นโพธิ์,ชาย,43,วัยกลางคน 36 - 59 ปี,โสด,ไม่ระบุ,ไม่,ใช่,ไม่,ไม่,ไม่,ไม่,ไม่,ไม่,ไม่,ไม่
ภาคกลาง,สิงห์บุรี,เมืองสิงห์บุรี,ม่วงหมู่,หญิง,54,วัยกลางคน 36 - 59 ปี,สมรส,ยังไม่ได้จดทะเบียนสมรส,ไม่,ไม่,ไม่,ไม่,ไม่,ไม่,ไม่,ไม่,ไม่,ใช่
ภาคกลาง,สิงห์บุรี,อินทร์บุรี,อินทร์บุรี,ชาย,45,วัยกลางคน 36 - 59 ปี,สมรส,ยังไม่ได้จดทะเบียนสมรส,ใช่,ใช่,ไม่,ไม่,ใช่,ไม่,ไม่,ไม่,ไม่,ไม่
ภาคกลาง,สิงห์บุรี,บางระจัน,พักทัน,ชาย,17,วัยรุ่น 13 - 18 ปี,โสด,ไม่ระบุ,ไม่,ใช่,ไม่,ไม่,ไม่,ไม่,ไม่,ไม่,ไม่,ไม่
ภาคกลาง,สิงห์บุรี,เมืองสิงห์บุรี,บางมัญ,หญิง,32,วัยผู้ใหญ่ตอนต้น 19 - 35 ปี,โสด,ไม่ระบุ,ไม่,ไม่,ไม่,ไม่,ไม่,ไม่,ไม่,ใช่,ไม่,ไม่
ภาคกลาง,สุพรรณบุรี,บางปลาม้า,ไผ่กองดิน,ชาย,45,วัยกลางคน 36 - 59 ปี,สมรส,ยังไม่ได้จดทะเบียนสมรส,ไม่,ใช่,ไม่,ไม่,ไม่,ไม่,ไม่,ไม่,ไม่,ไม่
ภาคกลาง,สุพรรณบุรี,เดิมบางนางบวช,เขาพระ,หญิง,29,วัยผู้ใหญ่ตอนต้น 19 - 35 ปี,แยกกันอยู่,ยังไม่ได้จดทะเบียนหย่า,ไม่,ไม่,ไม่,ใช่,ใช่,ใช่,ไม่,ไม่,ไม่,ไม่
ภาคกลาง,สุพรรณบุรี,สามชุก,บ้านสระ,ชาย,36,วัยกลางคน 36 - 59 ปี,แยกกันอยู่,ยังไม่ได้จดทะเบียนหย่า,ไม่,ไม่,ไม่,ไม่,ใช่,ไม่,ไม่,ไม่,ไม่,ไม่
ภาคกลาง,สุพรรณบุรี,อู่ทอง,ยุ้งทะลาย,ชาย,34,วัยผู้ใหญ่ตอนต้น 19 - 35 ปี,โสด,ไม่ระบุ,ไม่,ใช่,ไม่,ไม่,ไม่,ไม่,ไม่,ไม่,ไม่,ไม่
ภาคกลาง,สุพรรณบุรี,สองพี่น้อง,หัวโพธิ์,ชาย,65,วัยสูงอายุ 60 ปีขึ้นไป,สมรส,จดทะเบียนสมรสแล้ว,ไม่,ไม่,ไม่,ใช่,ใช่,ไม่,ไม่,ไม่,ไม่,ใช่
ภาคกลาง,สุพรรณบุรี,ด่านช้าง,ด่านช้าง,ชาย,36,วัยกลางคน 36 - 59 ปี,แยกกันอยู่,ยังไม่ได้จดทะเบียนหย่า,ไม่,ใช่,ไม่,ไม่,ไม่,ไม่,ไม่,ไม่,ไม่,ไม่
ภาคกลาง,สุพรรณบุรี,สองพี่น้อง,ต้นตาล,ชาย,58,วัยกลางคน 36 - 59 ปี,สมรส,ยังไม่ได้จดทะเบียนสมรส,ใช่,ไม่,ไม่,ไม่,ไม่,ไม่,ไม่,ไม่,ไม่,ใช่
ภาคกลาง,สุพรรณบุรี,ศรีประจันต์,ศรีประจันต์,ชาย,36,วัยกลางคน 36 - 59 ปี,สมรส,ยังไม่ได้จดทะเบียนสมรส,ไม่,ไม่,ไม่,ใช่,ไม่,ไม่,ไม่,ไม่,ไม่,ไม่
ภาคกลาง,สุพรรณบุรี,บางปลาม้า,องครักษ์,ชาย,31,วัยผู้ใหญ่ตอนต้น 19 - 35 ปี,โสด,ไม่ระบุ,ไม่,ใช่,ไม่,ใช่,ไม่,ไม่,ไม่,ไม่,ไม่,ใช่
ภาคกลาง,สุพรรณบุรี,เมืองสุพรรณบุรี,สนามชัย,หญิง,33,วัยผู้ใหญ่ตอนต้น 19 - 35 ปี,แยกกันอยู่,ไม่ระบุ,ไม่,ไม่,ไม่,ไม่,ไม่,ไม่,ใช่,ไม่,ไม่,ใช่
ภาคกลาง,สุพรรณบุรี,ศรีประจันต์,มดแดง,ชาย,22,วัยผู้ใหญ่ตอนต้น 19 - 35 ปี,สมรส,ยังไม่ได้จดทะเบียนสมรส,ไม่,ไม่,ใช่,ไม่,ไม่,ไม่,ไม่,ไม่,ไม่,ไม่
ภาคกลาง,อ่างทอง,วิเศษชัยชาญ,หลักแก้ว,ชาย,29,วัยผู้ใหญ่ตอนต้น 19 - 35 ปี,โสด,ไม่ระบุ,ไม่,ใช่,ไม่,ไม่,ไม่,ไม่,ไม่,ใช่,ไม่,ไม่
ภาคกลาง,อ่างทอง,ไชโย,จรเข้ร้อง,ชาย,35,วัยผู้ใหญ่ตอนต้น 19 - 35 ปี,โสด,ไม่ระบุ,ไม่,ใช่,ไม่,ใช่,ไม่,ไม่,ไม่,ไม่,ใช่,ไม่
ภาคกลาง,อ่างทอง,เมืองอ่างทอง,ศาลาแดง,ชาย,40,วัยกลางคน 36 - 59 ปี,สมรส,ยังไม่ได้จดทะเบียนสมรส,ไม่,ใช่,ไม่,ใช่,ไม่,ไม่,ไม่,ไม่,ไม่,ไม่
ภาคกลาง,อ่างทอง,เมืองอ่างทอง,หัวไผ่,ชาย,40,วัยกลางคน 36 - 59 ปี,โสด,ไม่ระบุ,ไม่,ไม่,ไม่,ไม่,ไม่,ไม่,ไม่,ใช่,ไม่,ไม่
ภาคกลาง,อ่างทอง,โพธิ์ทอง,คำหยาด,หญิง,64,วัยสูงอายุ 60 ปีขึ้นไป,สมรส,ยังไม่ได้จดทะเบียนสมรส,ไม่,ไม่,ใช่,ใช่,ไม่,ไม่,ไม่,ไม่,ไม่,ไม่
ภาคกลาง,อ่างทอง,เมืองอ่างทอง,ตลาดกรวด,ชาย,41,วัยกลางคน 36 - 59 ปี,สมรส,ยังไม่ได้จดทะเบียนสมรส,ใช่,ใช่,ไม่,ไม่,ไม่,ไม่,ไม่,ใช่,ไม่,ไม่
ภาคกลาง,อ่างทอง,ไชโย,ไชโย,ชาย,63,วัยสูงอายุ 60 ปีขึ้นไป,สมรส,จดทะเบียนสมรสแล้ว,ไม่,ไม่,ไม่,ใช่,ไม่,ไม่,ไม่,ไม่,ไม่,ไม่
ภาคกลาง,อ่างทอง,เมืองอ่างทอง,ป่างิ้ว,ชาย,39,วัยกลางคน 36 - 59 ปี,โสด,ไม่ระบุ,ไม่,ไม่,ไม่,ไม่,ไม่,ไม่,ไม่,ใช่,ไม่,ไม่
ภาคกลาง,อ่างทอง,แสวงหา,แสวงหา,หญิง,53,วัยกลางคน 36 - 59 ปี,โสด,ไม่ระบุ,ไม่,ใช่,ไม่,ไม่,ไม่,ไม่,ไม่,ไม่,ไม่,ไม่
ภาคกลาง,อ่างทอง,ไชโย,ราชสถิตย์,ชาย,56,วัยกลางคน 36 - 59 ปี,สมรส,ยังไม่ได้จดทะเบียนสมรส,ไม่,ไม่,ไม่,ใช่,ใช่,ไม่,ไม่,ไม่,ไม่,ไม่
ภาคกลาง,เพชรบุรี,ชะอำ,ชะอำ,ชาย,53,วัยกลางคน 36 - 59 ปี,หม้าย (กรณีคู่สมรสเสียชีวิต),ไม่ระบุ,ใช่,ไม่,ไม่,ไม่,ไม่,ไม่,ไม่,ไม่,ไม่,ไม่
ภาคกลาง,เพชรบุรี,เขาย้อย,สระพัง,ชาย,32,วัยผู้ใหญ่ตอนต้น 19 - 35 ปี,แยกกันอยู่,ยังไม่ได้จดทะเบียนหย่า,ใช่,ไม่,ไม่,ไม่,ใช่,ไม่,ไม่,ไม่,ไม่,ไม่
ภาคตะวันออกเฉียงเหนือ,กาฬสินธุ์,กุฉินารายณ์,หนองห้าง,ชาย,30,วัยผู้ใหญ่ตอนต้น 19 - 35 ปี,สมรส,จดทะเบียนสมรสแล้ว,ใช่,ไม่,ไม่,ไม่,ไม่,ไม่,ไม่,ไม่,ไม่,ไม่
ภาคตะวันออกเฉียงเหนือ,กาฬสินธุ์,สหัสขันธ์,โนนบุรี,หญิง,52,วัยกลางคน 36 - 59 ปี,แยกกันอยู่,ไม่ระบุ,ไม่,ไม่,ไม่,ไม่,ไม่,ไม่,ไม่,ใช่,ไม่,ไม่
ภาคตะวันออกเฉียงเหนือ,กาฬสินธุ์,คำม่วง,นาทัน,ชาย,31,วัยผู้ใหญ่ตอนต้น 19 - 35 ปี,สมรส,ยังไม่ได้จดทะเบียนสมรส,ไม่,ใช่,ไม่,ไม่,ใช่,ไม่,ไม่,ไม่,ไม่,ไม่
ภาคตะวันออกเฉียงเหนือ,กาฬสินธุ์,ห้วยผึ้ง,คำบง,ชาย,42,วัยกลางคน 36 - 59 ปี,โสด,ไม่ระบุ,ไม่,ใช่,ไม่,ไม่,ไม่,ไม่,ไม่,ใช่,ไม่,ไม่
ภาคตะวันออกเฉียงเหนือ,กาฬสินธุ์,ท่าคันโท,กุดจิก,ชาย,59,วัยกลางคน 36 - 59 ปี,สมรส,จดทะเบียนสมรสแล้ว,ใช่,ใช่,ใช่,ไม่,ไม่,ไม่,ไม่,ไม่,ไม่,ไม่
ภาคตะวันออกเฉียงเหนือ,ขอนแก่น,น้ำพอง,บ้านขาม,ชาย,38,วัยกลางคน 36 - 59 ปี,โสด,ไม่ระบุ,ไม่,ไม่,ไม่,ไม่,ใช่,ไม่,ไม่,ไม่,ไม่,ไม่
ภาคตะวันออกเฉียงเหนือ,ขอนแก่น,เมืองขอนแก่น,บ้านเป็ด,ชาย,42,วัยกลางคน 36 - 59 ปี,โสด,ไม่ระบุ,ไม่,ใช่,ไม่,ไม่,ใช่,ไม่,ไม่,ไม่,ไม่,ไม่
ภาคตะวันออกเฉียงเหนือ,ขอนแก่น,หนองเรือ,บ้านกง,ชาย,38,วัยกลางคน 36 - 59 ปี,สมรส,จดทะเบียนสมรสแล้ว,ไม่,ใช่,ไม่,ไม่,ไม่,ไม่,ไม่,ไม่,ไม่,ไม่
ภาคตะวันออกเฉียงเหนือ,ขอนแก่น,บ้านไผ่,เมืองเพีย,ชาย,44,วัยกลางคน 36 - 59 ปี,โสด,ไม่ระบุ,ไม่,ใช่,ไม่,ไม่,ไม่,ไม่,ไม่,ไม่,ไม่,ไม่
ภาคตะวันออกเฉียงเหนือ,ขอนแก่น,เมืองขอนแก่น,ศิลา,ชาย,37,วัยกลางคน 36 - 59 ปี,สมรส,จดทะเบียนสมรสแล้ว,ใช่,ใช่,ไม่,ไม่,ไม่,ไม่,ไม่,ไม่,ไม่,ไม่
ภาคตะวันออกเฉียงเหนือ,ขอนแก่น,บ้านฝาง,บ้านฝาง,ชาย,29,วัยผู้ใหญ่ตอนต้น 19 - 35 ปี,สมรส,ยังไม่ได้จดทะเบียนสมรส,ไม่,ใช่,ไม่,ไม่,ไม่,ไม่,ไม่,ไม่,ไม่,ไม่
ภาคตะวันออกเฉียงเหนือ,ขอนแก่น,เมืองขอนแก่น,โนนท่อน,ชาย,42,วัยกลางคน 36 - 59 ปี,โสด,ไม่ระบุ,ไม่,ใช่,ไม่,ไม่,ไม่,ไม่,ไม่,ไม่,ไม่,ไม่
ภาคตะวันออกเฉียงเหนือ,ขอนแก่น,บ้านไผ่,ในเมือง,ชาย,52,วัยกลางคน 36 - 59 ปี,โสด,ไม่ระบุ,ใช่,ไม่,ไม่,ไม่,ไม่,ไม่,ไม่,ใช่,ไม่,ไม่
ภาคตะวันออกเฉียงเหนือ,ขอนแก่น,เมืองขอนแก่น,บ้านเป็ด,ชาย,32,วัยผู้ใหญ่ตอนต้น 19 - 35 ปี,โสด,ไม่ระบุ,ใช่,ใช่,ไม่,ไม่,ใช่,ไม่,ไม่,ไม่,ไม่,ไม่
ภาคตะวันออกเฉียงเหนือ,ขอนแก่น,บ้านฝาง,บ้านฝาง,ชาย,49,วัยกลางคน 36 - 59 ปี,โสด,ไม่ระบุ,ใช่,ใช่,ไม่,ไม่,ไม่,ไม่,ไม่,ไม่,ไม่,ไม่
ภาคตะวันออกเฉียงเหนือ,ขอนแก่น,น้ำพอง,สะอาด,ชาย,24,วัยผู้ใหญ่ตอนต้น 19 - 35 ปี,โสด,ไม่ระบุ,ใช่,ไม่,ไม่,ไม่,ไม่,ไม่,ไม่,ไม่,ไม่,ไม่
ภาคตะวันออกเฉียงเหนือ,ขอนแก่น,เวียงเก่า,เขาน้อย,ชาย,31,วัยผู้ใหญ่ตอนต้น 19 - 35 ปี,โสด,ไม่ระบุ,ใช่,ใช่,ไม่,ไม่,ไม่,ไม่,ไม่,ไม่,ไม่,ไม่
ภาคตะวันออกเฉียงเหนือ,ขอนแก่น,เมืองขอนแก่น,ท่าพระ,ชาย,35,วัยผู้ใหญ่ตอนต้น 19 - 35 ปี,โสด,ไม่ระบุ,ใช่,ไม่,ไม่,ไม่,ไม่,ไม่,ไม่,ไม่,ไม่,ไม่
ภาคตะวันออกเฉียงเหนือ,ชัยภูมิ,เกษตรสมบูรณ์,หนองโพนงาม,หญิง,19,วัยผู้ใหญ่ตอนต้น 19 - 35 ปี,สมรส,ยังไม่ได้จดทะเบียนสมรส,ไม่,ไม่,ไม่,ใช่,ใช่,ไม่,ใช่,ใช่,ไม่,ไม่
ภาคตะวันออกเฉียงเหนือ,ชัยภูมิ,หนองบัวระเหว,โสกปลาดุก,ชาย,48,วัยกลางคน 36 - 59 ปี,สมรส,ยังไม่ได้จดทะเบียนสมรส,ไม่,ไม่,ไม่,ไม่,ไม่,ไม่,ไม่,ไม่,ไม่,ใช่
ภาคตะวันออกเฉียงเหนือ,ชัยภูมิ,เนินสง่า,ตาเนิน,ชาย,26,วัยผู้ใหญ่ตอนต้น 19 - 35 ปี,สมรส,ยังไม่ได้จดทะเบียนสมรส,ไม่,ไม่,ไม่,ไม่,ไม่,ไม่,ไม่,ไม่,ไม่,ใช่
ภาคตะวันออกเฉียงเหนือ,ชัยภูมิ,เกษตรสมบูรณ์,บ้านเดื่อ,ชาย,26,วัยผู้ใหญ่ตอนต้น 19 - 35 ปี,สมรส,ยังไม่ได้จดทะเบียนสมรส,ใช่,ไม่,ไม่,ใช่,ไม่,ไม่,ไม่,ไม่,ไม่,ไม่
ภาคตะวันออกเฉียงเหนือ,ชัยภูมิ,เมืองชัยภูมิ,ในเมือง,ชาย,66,วัยสูงอายุ 60 ปีขึ้นไป,หม้าย (กรณีคู่สมรสเสียชีวิต),ไม่ระบุ,ใช่,ไม่,ไม่,ใช่,ไม่,ไม่,ไม่,ไม่,ไม่,ไม่
ภาคตะวันออกเฉียงเหนือ,ชัยภูมิ,บ้านเขว้า,บ้านเขว้า,ชาย,49,วัยกลางคน 36 - 59 ปี,สมรส,จดทะเบียนสมรสแล้ว,ไม่,ไม่,ไม่,ใช่,ไม่,ไม่,ไม่,ไม่,ไม่,ไม่
ภาคตะวันออกเฉียงเหนือ,ชัยภูมิ,บ้านเขว้า,บ้านเขว้า,หญิง,34,วัยผู้ใหญ่ตอนต้น 19 - 35 ปี,โสด,ไม่ระบุ,ไม่,ไม่,ไม่,ใช่,ไม่,ไม่,ไม่,ไม่,ไม่,ไม่
ภาคตะวันออกเฉียงเหนือ,ชัยภูมิ,บ้านเขว้า,ภูแลนคา,ชาย,32,วัยผู้ใหญ่ตอนต้น 19 - 35 ปี,สมรส,จดทะเบียนสมรสแล้ว,ไม่,ใช่,ไม่,ไม่,ไม่,ไม่,ไม่,ไม่,ไม่,ใช่
ภาคตะวันออกเฉียงเหนือ,ชัยภูมิ,จัตุรัส,หนองบัวบาน,ชาย,55,วัยกลางคน 36 - 59 ปี,สมรส,จดทะเบียนสมรสแล้ว,ใช่,ไม่,ไม่,ไม่,ไม่,ไม่,ไม่,ไม่,ไม่,ไม่
ภาคตะวันออกเฉียงเหนือ,ชัยภูมิ,เมืองชัยภูมิ,ในเมือง,ชาย,36,วัยกลางคน 36 - 59 ปี,สมรส,ยังไม่ได้จดทะเบียนสมรส,ไม่,ใช่,ไม่,ไม่,ใช่,ไม่,ไม่,ไม่,ไม่,ไม่
ภาคตะวันออกเฉียงเหนือ,ชัยภูมิ,เมืองชัยภูมิ,บ้านเล่า,ชาย,51,วัยกลางคน 36 - 59 ปี,แยกกันอยู่,จดทะเบียนหย่า,ใช่,ไม่,ไม่,ไม่,ไม่,ไม่,ไม่,ไม่,ไม่,ไม่
ภาคตะวันออกเฉียงเหนือ,นครพนม,เมืองนครพนม,ในเมือง,หญิง,41,วัยกลางคน 36 - 59 ปี,หม้าย (กรณีคู่สมรสเสียชีวิต),ไม่ระบุ,ไม่,ใช่,ไม่,ไม่,ไม่,ไม่,ไม่,ใช่,ไม่,ไม่
ภาคตะวันออกเฉียงเหนือ,นครพนม,เมืองนครพนม,นาราชควาย,ชาย,33,วัยผู้ใหญ่ตอนต้น 19 - 35 ปี,สมรส,ยังไม่ได้จดทะเบียนสมรส,ไม่,ใช่,ไม่,ไม่,ไม่,ไม่,ไม่,ไม่,ไม่,ไม่
ภาคตะวันออกเฉียงเหนือ,นครพนม,ปลาปาก,ปลาปาก,ชาย,40,วัยกลางคน 36 - 59 ปี,แยกกันอยู่,จดทะเบียนหย่า,ใช่,ไม่,ใช่,ไม่,ไม่,ไม่,ไม่,ไม่,ไม่,ไม่
ภาคตะวันออกเฉียงเหนือ,นครพนม,เมืองนครพนม,ท่าค้อ,ชาย,35,วัยผู้ใหญ่ตอนต้น 19 - 35 ปี,แยกกันอยู่,จดทะเบียนหย่า,ไม่,ใช่,ไม่,ไม่,ไม่,ไม่,ไม่,ไม่,ไม่,ไม่
ภาคตะวันออกเฉียงเหนือ,นครราชสีมา,โนนไทย,ด่านจาก,ชาย,10,วัยเด็กตอนกลาง 7 - 12 ปี,โสด,ไม่ระบุ,ไม่,ไม่,ไม่,ไม่,ไม่,ไม่,ไม่,ใช่,ไม่,ไม่
ภาคตะวันออกเฉียงเหนือ,นครราชสีมา,จักราช,คลองเมือง,ชาย,43,วัยกลางคน 36 - 59 ปี,โสด,ไม่ระบุ,ไม่,ใช่,ใช่,ไม่,ไม่,ไม่,ไม่,ใช่,ไม่,ไม่
ภาคตะวันออกเฉียงเหนือ,นครราชสีมา,ปากช่อง,ปากช่อง,หญิง,21,วัยผู้ใหญ่ตอนต้น 19 - 35 ปี,โสด,ไม่ระบุ,ไม่,ใช่,ไม่,ไม่,ไม่,ไม่,ไม่,ใช่,ไม่,ไม่
ภาคตะวันออกเฉียงเหนือ,นครราชสีมา,สีคิ้ว,หนองหญ้าขาว,ชาย,23,วัยผู้ใหญ่ตอนต้น 19 - 35 ปี,โสด,ไม่ระบุ,ใช่,ใช่,ใช่,ไม่,ใช่,ไม่,ไม่,ไม่,ไม่,ไม่
ภาคตะวันออกเฉียงเหนือ,นครราชสีมา,เมืองนครราชสีมา,โพธิ์กลาง,ชาย,36,วัยกลางคน 36 - 59 ปี,สมรส,ยังไม่ได้จดทะเบียนสมรส,ใช่,ไม่,ไม่,ใช่,ไม่,ไม่,ไม่,ไม่,ไม่,ไม่
ภาคตะวันออกเฉียงเหนือ,นครราชสีมา,ครบุรี,เฉลียง,หญิง,35,วัยผู้ใหญ่ตอนต้น 19 - 35 ปี,แยกกันอยู่,ยังไม่ได้จดทะเบียนหย่า,ใช่,ใช่,ไม่,ใช่,ไม่,ไม่,ไม่,ไม่,ไม่,ไม่
ภาคตะวันออกเฉียงเหนือ,นครราชสีมา,สีคิ้ว,มิตรภาพ,หญิง,40,วัยกลางคน 36 - 59 ปี,สมรส,ยังไม่ได้จดทะเบียนสมรส,ไม่,ไม่,ใช่,ใช่,ไม่,ไม่,ไม่,ไม่,ไม่,ไม่
ภาคตะวันออกเฉียงเหนือ,นครราชสีมา,เมืองนครราชสีมา,บ้านโพธิ์,หญิง,48,วัยกลางคน 36 - 59 ปี,โสด,ไม่ระบุ,ไม่,ไม่,ไม่,ไม่,ไม่,ไม่,ไม่,ใช่,ไม่,ไม่
ภาคตะวันออกเฉียงเหนือ,นครราชสีมา,ปักธงชัย,เมืองปัก,หญิง,14,วัยรุ่น 13 - 18 ปี,โสด,ไม่ระบุ,ไม่,ไม่,ไม่,ไม่,ไม่,ไม่,ไม่,ใช่,ไม่,ไม่
ภาคตะวันออกเฉียงเหนือ,นครราชสีมา,โชคชัย,กระโทก,ชาย,64,วัยสูงอายุ 60 ปีขึ้นไป,แยกกันอยู่,จดทะเบียนหย่า,ใช่,ไม่,ไม่,ไม่,ไม่,ไม่,ไม่,ไม่,ไม่,ไม่
ภาคตะวันออกเฉียงเหนือ,นครราชสีมา,ปักธงชัย,ตะคุ,ชาย,30,วัยผู้ใหญ่ตอนต้น 19 - 35 ปี,โสด,ไม่ระบุ,ไม่,ใช่,ใช่,ไม่,ไม่,ไม่,ไม่,ไม่,ไม่,ไม่
ภาคตะวันออกเฉียงเหนือ,นครราชสีมา,สีคิ้ว,หนองน้ำใส,ชาย,32,วัยผู้ใหญ่ตอนต้น 19 - 35 ปี,โสด,ไม่ระบุ,ไม่,ใช่,ใช่,ไม่,ไม่,ไม่,ไม่,ไม่,ไม่,ไม่
ภาคตะวันออกเฉียงเหนือ,นครราชสีมา,ห้วยแถลง,หินดาด,ชาย,41,วัยกลางคน 36 - 59 ปี,โสด,ไม่ระบุ,ไม่,ไม่,ใช่,ใช่,ไม่,ใช่,ไม่,ไม่,ไม่,ไม่
ภาคตะวันออกเฉียงเหนือ,นครราชสีมา,สูงเนิน,สูงเนิน,ชาย,29,วัยผู้ใหญ่ตอนต้น 19 - 35 ปี,โสด,ไม่ระบุ,ไม่,ใช่,ไม่,ไม่,ไม่,ไม่,ไม่,ไม่,ใช่,ไม่
ภาคตะวันออกเฉียงเหนือ,นครราชสีมา,สีคิ้ว,หนองหญ้าขาว,ชาย,23,วัยผู้ใหญ่ตอนต้น 19 - 35 ปี,โสด,ไม่ระบุ,ใช่,ใช่,ใช่,ไม่,ใช่,ไม่,ไม่,ไม่,ไม่,ไม่
ภาคตะวันออกเฉียงเหนือ,บึงกาฬ,โซ่พิสัย,ศรีชมภู,หญิง,37,วัยกลางคน 36 - 59 ปี,สมรส,ยังไม่ได้จดทะเบียนสมรส,ไม่,ใช่,ไม่,ไม่,ใช่,ไม่,ไม่,ไม่,ไม่,ไม่
ภาคตะวันออกเฉียงเหนือ,บึงกาฬ,เมืองบึงกาฬ,วิศิษฐ์,ชาย,33,วัยผู้ใหญ่ตอนต้น 19 - 35 ปี,โสด,ไม่ระบุ,ไม่,ใช่,ใช่,ไม่,ใช่,ใช่,ไม่,ไม่,ไม่,ไม่
ภาคตะวันออกเฉียงเหนือ,บึงกาฬ,ปากคาด,ปากคาด,หญิง,22,วัยผู้ใหญ่ตอนต้น 19 - 35 ปี,โสด,ไม่ระบุ,ไม่,ใช่,ไม่,ไม่,ไม่,ไม่,ไม่,ใช่,ไม่,ไม่
ภาคตะวันออกเฉียงเหนือ,บึงกาฬ,โซ่พิสัย,หนองพันทา,ชาย,48,วัยกลางคน 36 - 59 ปี,สมรส,ยังไม่ได้จดทะเบียนสมรส,ไม่,ไม่,ไม่,ใช่,ไม่,ไม่,ไม่,ไม่,ไม่,ไม่
ภาคตะวันออกเฉียงเหนือ,บึงกาฬ,โซ่พิสัย,ถ้ำเจริญ,ชาย,39,วัยกลางคน 36 - 59 ปี,โสด,ไม่ระบุ,ใช่,ใช่,ไม่,ใช่,ไม่,ไม่,ไม่,ไม่,ไม่,ไม่
ภาคตะวันออกเฉียงเหนือ,บึงกาฬ,เมืองบึงกาฬ,โคกก่อง,ชาย,54,วัยกลางคน 36 - 59 ปี,สมรส,จดทะเบียนสมรสแล้ว,ไม่,ใช่,ไม่,ใช่,ไม่,ไม่,ไม่,ไม่,ไม่,ไม่
ภาคตะวันออกเฉียงเหนือ,บุรีรัมย์,นางรอง,บ้านสิงห์,ชาย,51,วัยกลางคน 36 - 59 ปี,แยกกันอยู่,ยังไม่ได้จดทะเบียนหย่า,ไม่,ไม่,ใช่,ใช่,ไม่,ไม่,ไม่,ไม่,ไม่,ไม่
ภาคตะวันออกเฉียงเหนือ,มหาสารคาม,กุดรัง,ห้วยเตย,ชาย,45,วัยกลางคน 36 - 59 ปี,โสด,ไม่ระบุ,ใช่,ใช่,ไม่,ไม่,ไม่,ไม่,ไม่,ไม่,ไม่,ไม่
ภาคตะวันออกเฉียงเหนือ,มหาสารคาม,นาเชือก,หนองเรือ,ชาย,37,วัยกลางคน 36 - 59 ปี,แยกกันอยู่,ยังไม่ได้จดทะเบียนหย่า,ใช่,ไม่,ไม่,ไม่,ใช่,ใช่,ไม่,ไม่,ไม่,ไม่
ภาคตะวันออกเฉียงเหนือ,มหาสารคาม,บรบือ,หนองจิก,ชาย,53,วัยกลางคน 36 - 59 ปี,โสด,ไม่ระบุ,ใช่,ไม่,ไม่,ไม่,ไม่,ไม่,ไม่,ไม่,ไม่,ไม่
ภาคตะวันออกเฉียงเหนือ,มุกดาหาร,เมืองมุกดาหาร,มุกดาหาร,ชาย,42,วัยกลางคน 36 - 59 ปี,สมรส,ยังไม่ได้จดทะเบียนสมรส,ใช่,ไม่,ไม่,ไม่,ไม่,ไม่,ไม่,ไม่,ไม่,ใช่
ภาคตะวันออกเฉียงเหนือ,มุกดาหาร,นิคมคำสร้อย,นิคมคำสร้อย,ชาย,63,วัยสูงอายุ 60 ปีขึ้นไป,สมรส,จดทะเบียนสมรสแล้ว,ใช่,ไม่,ไม่,ใช่,ไม่,ไม่,ไม่,ไม่,ไม่,ไม่
ภาคตะวันออกเฉียงเหนือ,มุกดาหาร,เมืองมุกดาหาร,มุกดาหาร,ชาย,11,วัยเด็กตอนกลาง 7 - 12 ปี,โสด,ไม่ระบุ,ไม่,ไม่,ไม่,ใช่,ไม่,ไม่,ใช่,ใช่,ไม่,ไม่
ภาคตะวันออกเฉียงเหนือ,มุกดาหาร,เมืองมุกดาหาร,นาสีนวน,ชาย,15,วัยรุ่น 13 - 18 ปี,โสด,ไม่ระบุ,ใช่,ไม่,ไม่,ใช่,ไม่,ไม่,ไม่,ไม่,ไม่,ไม่
ภาคตะวันออกเฉียงเหนือ,มุกดาหาร,นิคมคำสร้อย,นิคมคำสร้อย,ชาย,46,วัยกลางคน 36 - 59 ปี,แยกกันอยู่,ยังไม่ได้จดทะเบียนหย่า,ไม่,ใช่,ไม่,ไม่,ไม่,ไม่,ไม่,ใช่,ไม่,ไม่
ภาคตะวันออกเฉียงเหนือ,มุกดาหาร,เมืองมุกดาหาร,โพนทราย,ชาย,30,วัยผู้ใหญ่ตอนต้น 19 - 35 ปี,สมรส,ยังไม่ได้จดทะเบียนสมรส,ใช่,ใช่,ไม่,ไม่,ใช่,ไม่,ไม่,ไม่,ไม่,ไม่
ภาคตะวันออกเฉียงเหนือ,มุกดาหาร,ดอนตาล,ป่าไร่,ชาย,61,วัยสูงอายุ 60 ปีขึ้นไป,สมรส,ยังไม่ได้จดทะเบียนสมรส,ใช่,ใช่,ไม่,ใช่,ไม่,ไม่,ไม่,ไม่,ไม่,ไม่
ภาคตะวันออกเฉียงเหนือ,มุกดาหาร,เมืองมุกดาหาร,มุกดาหาร,ชาย,35,วัยผู้ใหญ่ตอนต้น 19 - 35 ปี,สมรส,ยังไม่ได้จดทะเบียนสมรส,ไม่,ไม่,ใช่,ใช่,ไม่,ไม่,ไม่,ไม่,ไม่,ใช่
ภาคตะวันออกเฉียงเหนือ,มุกดาหาร,นิคมคำสร้อย,หนองแวง,ชาย,52,วัยกลางคน 36 - 59 ปี,โสด,ไม่ระบุ,ใช่,ไม่,ไม่,ไม่,ไม่,ไม่,ไม่,ไม่,ไม่,ไม่
ภาคตะวันออกเฉียงเหนือ,มุกดาหาร,เมืองมุกดาหาร,มุกดาหาร,ชาย,53,วัยกลางคน 36 - 59 ปี,สมรส,ยังไม่ได้จดทะเบียนสมรส,ใช่,ไม่,ไม่,ไม่,ไม่,ไม่,ไม่,ไม่,ไม่,ไม่
ภาคตะวันออกเฉียงเหนือ,มุกดาหาร,เมืองมุกดาหาร,มุกดาหาร,ชาย,29,วัยผู้ใหญ่ตอนต้น 19 - 35 ปี,สมรส,ยังไม่ได้จดทะเบียนสมรส,ใช่,ไม่,ไม่,ใช่,ไม่,ไม่,ไม่,ไม่,ไม่,ไม่
ภาคตะวันออกเฉียงเหนือ,มุกดาหาร,คำชะอี,คำชะอี,ชาย,27,วัยผู้ใหญ่ตอนต้น 19 - 35 ปี,แยกกันอยู่,ยังไม่ได้จดทะเบียนหย่า,ไม่,ใช่,ไม่,ไม่,ไม่,ไม่,ไม่,ไม่,ไม่,ไม่
ภาคตะวันออกเฉียงเหนือ,ยโสธร,คำเขื่อนแก้ว,สงเปือย,ชาย,57,วัยกลางคน 36 - 59 ปี,โสด,ไม่ระบุ,ใช่,ไม่,ใช่,ใช่,ไม่,ไม่,ไม่,ไม่,ไม่,ไม่
ภาคตะวันออกเฉียงเหนือ,ยโสธร,เลิงนกทา,สามแยก,ชาย,41,วัยกลางคน 36 - 59 ปี,โสด,ไม่ระบุ,ใช่,ใช่,ใช่,ใช่,ไม่,ไม่,ใช่,ไม่,ไม่,ไม่
ภาคตะวันออกเฉียงเหนือ,ยโสธร,ทรายมูล,ทรายมูล,ชาย,42,วัยกลางคน 36 - 59 ปี,โสด,ไม่ระบุ,ใช่,ไม่,ใช่,ใช่,ไม่,ไม่,ไม่,ใช่,ไม่,ใช่
ภาคตะวันออกเฉียงเหนือ,ยโสธร,เลิงนกทา,สวาท,ชาย,25,วัยผู้ใหญ่ตอนต้น 19 - 35 ปี,โสด,ไม่ระบุ,ใช่,ไม่,ใช่,ใช่,ใช่,ไม่,ไม่,ไม่,ไม่,ไม่
ภาคตะวันออกเฉียงเหนือ,ร้อยเอ็ด,เสลภูมิ,พรสวรรค์,ชาย,44,วัยกลางคน 36 - 59 ปี,สมรส,จดทะเบียนสมรสแล้ว,ใช่,ใช่,ใช่,ใช่,ไม่,ไม่,ไม่,ไม่,ไม่,ใช่
ภาคตะวันออกเฉียงเหนือ,ร้อยเอ็ด,เมืองร้อยเอ็ด,หนองแวง,ชาย,34,วัยผู้ใหญ่ตอนต้น 19 - 35 ปี,สมรส,ยังไม่ได้จดทะเบียนสมรส,ใช่,ใช่,ไม่,ไม่,ใช่,ไม่,ไม่,ไม่,ใช่,ไม่
ภาคตะวันออกเฉียงเหนือ,ร้อยเอ็ด,เมืองร้อยเอ็ด,หนองแวง,ชาย,20,วัยผู้ใหญ่ตอนต้น 19 - 35 ปี,สมรส,ยังไม่ได้จดทะเบียนสมรส,ใช่,ไม่,ใช่,ใช่,ใช่,ไม่,ไม่,ไม่,ไม่,ไม่
ภาคตะวันออกเฉียงเหนือ,ร้อยเอ็ด,เมืองร้อยเอ็ด,ในเมือง,ชาย,35,วัยผู้ใหญ่ตอนต้น 19 - 35 ปี,แยกกันอยู่,จดทะเบียนหย่า,ใช่,ใช่,ไม่,ไม่,ไม่,ไม่,ไม่,ใช่,ไม่,ไม่
ภาคตะวันออกเฉียงเหนือ,ร้อยเอ็ด,เมืองร้อยเอ็ด,หนองแวง,ชาย,47,วัยกลางคน 36 - 59 ปี,แยกกันอยู่,จดทะเบียนหย่า,ไม่,ไม่,ใช่,ไม่,ไม่,ไม่,ไม่,ไม่,ใช่,ไม่
ภาคตะวันออกเฉียงเหนือ,ร้อยเอ็ด,ธวัชบุรี,เมืองน้อย,ชาย,51,วัยกลางคน 36 - 59 ปี,สมรส,จดทะเบียนสมรสแล้ว,ไม่,ใช่,ไม่,ไม่,ใช่,ไม่,ไม่,ไม่,ไม่,ไม่
ภาคตะวันออกเฉียงเหนือ,ร้อยเอ็ด,เมืองร้อยเอ็ด,ในเมือง,ชาย,47,วัยกลางคน 36 - 59 ปี,แยกกันอยู่,จดทะเบียนหย่า,ไม่,ใช่,ไม่,ไม่,ใช่,ไม่,ไม่,ไม่,ไม่,ไม่
ภาคตะวันออกเฉียงเหนือ,ร้อยเอ็ด,ธวัชบุรี,เมืองน้อย,ชาย,51,วัยกลางคน 36 - 59 ปี,สมรส,จดทะเบียนสมรสแล้ว,ไม่,ไม่,ไม่,ไม่,ใช่,ไม่,ไม่,ไม่,ไม่,ไม่
ภาคตะวันออกเฉียงเหนือ,ร้อยเอ็ด,เสลภูมิ,ขวาว,ชาย,45,วัยกลางคน 36 - 59 ปี,โสด,ไม่ระบุ,ใช่,ใช่,ไม่,ไม่,ไม่,ไม่,ไม่,ไม่,ไม่,ไม่
ภาคตะวันออกเฉียงเหนือ,ร้อยเอ็ด,เมืองร้อยเอ็ด,ในเมือง,ชาย,33,วัยผู้ใหญ่ตอนต้น 19 - 35 ปี,สมรส,จดทะเบียนสมรสแล้ว,ไม่,ไม่,ใช่,ใช่,ใช่,ไม่,ไม่,ไม่,ไม่,ไม่
ภาคตะวันออกเฉียงเหนือ,ร้อยเอ็ด,สุวรรณภูมิ,สระคู,ชาย,45,วัยกลางคน 36 - 59 ปี,สมรส,ยังไม่ได้จดทะเบียนสมรส,ใช่,ใช่,ไม่,ไม่,ไม่,ไม่,ไม่,ใช่,ไม่,ไม่
ภาคตะวันออกเฉียงเหนือ,ศรีสะเกษ,เมืองศรีสะเกษ,หนองครก,หญิง,26,วัยผู้ใหญ่ตอนต้น 19 - 35 ปี,สมรส,ยังไม่ได้จดทะเบียนสมรส,ใช่,ใช่,ไม่,ไม่,ไม่,ไม่,ไม่,ไม่,ไม่,ไม่
ภาคตะวันออกเฉียงเหนือ,ศรีสะเกษ,บึงบูรพ์,เป๊าะ,ชาย,39,วัยกลางคน 36 - 59 ปี,โสด,ไม่ระบุ,ใช่,ไม่,ใช่,ไม่,ไม่,ไม่,ไม่,ไม่,ไม่,ไม่
ภาคตะวันออกเฉียงเหนือ,ศรีสะเกษ,เมืองศรีสะเกษ,จาน,ชาย,28,วัยผู้ใหญ่ตอนต้น 19 - 35 ปี,โสด,ไม่ระบุ,ใช่,ใช่,ไม่,ไม่,ไม่,ไม่,ไม่,ไม่,ไม่,ไม่
ภาคตะวันออกเฉียงเหนือ,ศรีสะเกษ,ภูสิงห์,ไพรพัฒนา,ชาย,31,วัยผู้ใหญ่ตอนต้น 19 - 35 ปี,สมรส,ยังไม่ได้จดทะเบียนสมรส,ใช่,ใช่,ใช่,ไม่,ไม่,ไม่,ไม่,ไม่,ไม่,ไม่
ภาคตะวันออกเฉียงเหนือ,สกลนคร,สว่างแดนดิน,สว่างแดนดิน,ชาย,65,วัยสูงอายุ 60 ปีขึ้นไป,หม้าย (กรณีคู่สมรสเสียชีวิต),ไม่ระบุ,ใช่,ไม่,ไม่,ใช่,ไม่,ไม่,ไม่,ไม่,ไม่,ไม่
ภาคตะวันออกเฉียงเหนือ,สกลนคร,เมืองสกลนคร,ห้วยยาง,หญิง,27,วัยผู้ใหญ่ตอนต้น 19 - 35 ปี,แยกกันอยู่,ยังไม่ได้จดทะเบียนหย่า,ไม่,ใช่,ไม่,ไม่,ไม่,ไม่,ไม่,ไม่,ไม่,ไม่
ภาคตะวันออกเฉียงเหนือ,สกลนคร,ภูพาน,โคกภู,ชาย,58,วัยกลางคน 36 - 59 ปี,สมรส,จดทะเบียนสมรสแล้ว,ใช่,ไม่,ใช่,ใช่,ไม่,ไม่,ไม่,ไม่,ไม่,ไม่
ภาคตะวันออกเฉียงเหนือ,สกลนคร,บ้านม่วง,หนองกวั่ง,ชาย,48,วัยกลางคน 36 - 59 ปี,สมรส,จดทะเบียนสมรสแล้ว,ไม่,ใช่,ใช่,ใช่,ไม่,ไม่,ไม่,ไม่,ไม่,ไม่
ภาคตะวันออกเฉียงเหนือ,สกลนคร,เมืองสกลนคร,ห้วยยาง,ชาย,43,วัยกลางคน 36 - 59 ปี,สมรส,ยังไม่ได้จดทะเบียนสมรส,ใช่,ไม่,ใช่,ใช่,ใช่,ไม่,ไม่,ไม่,ไม่,ไม่
ภาคตะวันออกเฉียงเหนือ,สกลนคร,เมืองสกลนคร,ท่าแร่,ชาย,38,วัยกลางคน 36 - 59 ปี,โสด,ไม่ระบุ,ใช่,ใช่,ใช่,ใช่,ไม่,ใช่,ไม่,ไม่,ไม่,ไม่
ภาคตะวันออกเฉียงเหนือ,สกลนคร,เมืองสกลนคร,งิ้วด่อน,ชาย,64,วัยสูงอายุ 60 ปีขึ้นไป,สมรส,ยังไม่ได้จดทะเบียนสมรส,ใช่,ไม่,ใช่,ใช่,ไม่,ไม่,ไม่,ไม่,ไม่,ไม่
ภาคตะวันออกเฉียงเหนือ,สกลนคร,สว่างแดนดิน,บ้านถ่อน,ชาย,36,วัยกลางคน 36 - 59 ปี,สมรส,จดทะเบียนสมรสแล้ว,ใช่,ไม่,ใช่,ใช่,ไม่,ไม่,ไม่,ไม่,ไม่,ไม่
ภาคตะวันออกเฉียงเหนือ,สกลนคร,พังโคน,พังโคน,ชาย,35,วัยผู้ใหญ่ตอนต้น 19 - 35 ปี,โสด,ไม่ระบุ,ไม่,ไม่,ใช่,ไม่,ไม่,ไม่,ไม่,ไม่,ไม่,ไม่
ภาคตะวันออกเฉียงเหนือ,สกลนคร,พังโคน,พังโคน,ชาย,35,วัยผู้ใหญ่ตอนต้น 19 - 35 ปี,โสด,ไม่ระบุ,ไม่,ไม่,ใช่,ไม่,ไม่,ไม่,ไม่,ไม่,ไม่,ไม่
ภาคตะวันออกเฉียงเหนือ,สุรินทร์,รัตนบุรี,รัตนบุรี,ชาย,27,วัยผู้ใหญ่ตอนต้น 19 - 35 ปี,โสด,ไม่ระบุ,ใช่,ไม่,ไม่,ใช่,ใช่,ไม่,ไม่,ไม่,ไม่,ใช่
ภาคตะวันออกเฉียงเหนือ,สุรินทร์,รัตนบุรี,รัตนบุรี,ชาย,43,วัยกลางคน 36 - 59 ปี,สมรส,จดทะเบียนสมรสแล้ว,ไม่,ไม่,ไม่,ใช่,ไม่,ไม่,ไม่,ไม่,ไม่,ไม่
ภาคตะวันออกเฉียงเหนือ,สุรินทร์,บัวเชด,สำเภาลูน,ชาย,51,วัยกลางคน 36 - 59 ปี,โสด,ไม่ระบุ,ใช่,ไม่,ไม่,ใช่,ไม่,ไม่,ไม่,ไม่,ไม่,ไม่
ภาคตะวันออกเฉียงเหนือ,สุรินทร์,สนม,สนม,ชาย,30,วัยผู้ใหญ่ตอนต้น 19 - 35 ปี,สมรส,จดทะเบียนสมรสแล้ว,ใช่,ไม่,ไม่,ใช่,ไม่,ไม่,ไม่,ไม่,ไม่,ใช่
ภาคตะวันออกเฉียงเหนือ,สุรินทร์,เมืองสุรินทร์,ในเมือง,ชาย,36,วัยกลางคน 36 - 59 ปี,โสด,ไม่ระบุ,ใช่,ไม่,ไม่,ใช่,ไม่,ไม่,ไม่,ไม่,ไม่,ไม่
ภาคตะวันออกเฉียงเหนือ,สุรินทร์,เมืองสุรินทร์,กาเกาะ,ชาย,54,วัยกลางคน 36 - 59 ปี,สมรส,จดทะเบียนสมรสแล้ว,ไม่,ไม่,ไม่,ใช่,ไม่,ไม่,ไม่,ไม่,ไม่,ไม่
ภาคตะวันออกเฉียงเหนือ,หนองคาย,โพธิ์ตาก,โพนทอง,หญิง,11,วัยเด็กตอนกลาง 7 - 12 ปี,โสด,ไม่ระบุ,ไม่,ไม่,ไม่,ไม่,ไม่,ใช่,ไม่,ไม่,ไม่,ไม่
ภาคตะวันออกเฉียงเหนือ,หนองคาย,ท่าบ่อ,บ้านเดื่อ,ชาย,57,วัยกลางคน 36 - 59 ปี,สมรส,จดทะเบียนสมรสแล้ว,ไม่,ไม่,ไม่,ไม่,ไม่,ไม่,ไม่,ไม่,ไม่,ใช่
ภาคตะวันออกเฉียงเหนือ,หนองคาย,เมืองหนองคาย,โพธิ์ชัย,หญิง,30,วัยผู้ใหญ่ตอนต้น 19 - 35 ปี,แยกกันอยู่,ยังไม่ได้จดทะเบียนหย่า,ไม่,ไม่,ไม่,ไม่,ใช่,ไม่,ไม่,ไม่,ไม่,ไม่
ภาคตะวันออกเฉียงเหนือ,หนองคาย,เมืองหนองคาย,วัดธาตุ,ชาย,24,วัยผู้ใหญ่ตอนต้น 19 - 35 ปี,แยกกันอยู่,จดทะเบียนหย่า,ไม่,ใช่,ไม่,ไม่,ไม่,ไม่,ไม่,ไม่,ไม่,ไม่
ภาคตะวันออกเฉียงเหนือ,หนองคาย,เมืองหนองคาย,โพธิ์ชัย,ชาย,59,วัยกลางคน 36 - 59 ปี,แยกกันอยู่,ยังไม่ได้จดทะเบียนหย่า,ไม่,ไม่,ไม่,ไม่,ใช่,ไม่,ไม่,ไม่,ไม่,ไม่
ภาคตะวันออกเฉียงเหนือ,หนองคาย,เมืองหนองคาย,โพธิ์ชัย,หญิง,34,วัยผู้ใหญ่ตอนต้น 19 - 35 ปี,แยกกันอยู่,ยังไม่ได้จดทะเบียนหย่า,ไม่,ไม่,ไม่,ไม่,ไม่,ไม่,ไม่,ใช่,ไม่,ไม่
ภาคตะวันออกเฉียงเหนือ,หนองคาย,โพนพิสัย,เหล่าต่างคำ,หญิง,22,วัยผู้ใหญ่ตอนต้น 19 - 35 ปี,แยกกันอยู่,ยังไม่ได้จดทะเบียนหย่า,ไม่,ไม่,ไม่,ไม่,ไม่,ไม่,ไม่,ใช่,ไม่,ไม่
ภาคตะวันออกเฉียงเหนือ,หนองคาย,เฝ้าไร่,เฝ้าไร่,ชาย,47,วัยกลางคน 36 - 59 ปี,สมรส,ยังไม่ได้จดทะเบียนสมรส,ใช่,ไม่,ไม่,ไม่,ไม่,ไม่,ไม่,ไม่,ไม่,ไม่
ภาคตะวันออกเฉียงเหนือ,หนองคาย,เฝ้าไร่,วังหลวง,ชาย,31,วัยผู้ใหญ่ตอนต้น 19 - 35 ปี,สมรส,ยังไม่ได้จดทะเบียนสมรส,ไม่,ไม่,ไม่,ใช่,ไม่,ไม่,ไม่,ไม่,ไม่,ไม่
ภาคตะวันออกเฉียงเหนือ,หนองคาย,โพนพิสัย,จุมพล,หญิง,36,วัยกลางคน 36 - 59 ปี,โสด,ไม่ระบุ,ใช่,ใช่,ไม่,ไม่,ไม่,ไม่,ใช่,ไม่,ไม่,ไม่
ภาคตะวันออกเฉียงเหนือ,หนองคาย,เมืองหนองคาย,โพธิ์ชัย,ชาย,25,วัยผู้ใหญ่ตอนต้น 19 - 35 ปี,โสด,ไม่ระบุ,ไม่,ไม่,ไม่,ไม่,ใช่,ไม่,ไม่,ไม่,ไม่,ไม่
ภาคตะวันออกเฉียงเหนือ,หนองคาย,สังคม,ผาตั้ง,ชาย,44,วัยกลางคน 36 - 59 ปี,แยกกันอยู่,จดทะเบียนหย่า,ไม่,ไม่,ไม่,ไม่,ไม่,ไม่,ไม่,ใช่,ไม่,ไม่
ภาคตะวันออกเฉียงเหนือ,หนองคาย,เมืองหนองคาย,ค่ายบกหวาน,ชาย,74,วัยสูงอายุ 60 ปีขึ้นไป,สมรส,จดทะเบียนสมรสแล้ว,ไม่,ไม่,ไม่,ไม่,ใช่,ไม่,ไม่,ใช่,ไม่,ไม่
ภาคตะวันออกเฉียงเหนือ,หนองคาย,เมืองหนองคาย,โพธิ์ชัย,ชาย,26,วัยผู้ใหญ่ตอนต้น 19 - 35 ปี,สมรส,ยังไม่ได้จดทะเบียนสมรส,ไม่,ไม่,ไม่,ไม่,ใช่,ไม่,ไม่,ไม่,ไม่,ไม่
ภาคตะวันออกเฉียงเหนือ,หนองคาย,เมืองหนองคาย,หาดคำ,ชาย,25,วัยผู้ใหญ่ตอนต้น 19 - 35 ปี,โสด,ไม่ระบุ,ไม่,ไม่,ไม่,ไม่,ไม่,ไม่,ไม่,ใช่,ไม่,ไม่
ภาคตะวันออกเฉียงเหนือ,หนองคาย,เมืองหนองคาย,หาดคำ,ชาย,14,วัยรุ่น 13 - 18 ปี,โสด,ไม่ระบุ,ไม่,ไม่,ไม่,ไม่,ไม่,ไม่,ไม่,ไม่,ไม่,ใช่
ภาคตะวันออกเฉียงเหนือ,อุดรธานี,เมืองอุดรธานี,หมากแข้ง,ชาย,35,วัยผู้ใหญ่ตอนต้น 19 - 35 ปี,แยกกันอยู่,ยังไม่ได้จดทะเบียนหย่า,ใช่,ไม่,ใช่,ไม่,ใช่,ไม่,ไม่,ไม่,ไม่,ใช่
ภาคตะวันออกเฉียงเหนือ,อุดรธานี,เมืองอุดรธานี,เชียงยืน,ชาย,24,วัยผู้ใหญ่ตอนต้น 19 - 35 ปี,โสด,ไม่ระบุ,ไม่,ไม่,ใช่,ไม่,ไม่,ไม่,ไม่,ไม่,ไม่,ใช่
ภาคตะวันออกเฉียงเหนือ,อุดรธานี,เมืองอุดรธานี,หมากแข้ง,ชาย,57,วัยกลางคน 36 - 59 ปี,สมรส,จดทะเบียนสมรสแล้ว,ไม่,ไม่,ใช่,ไม่,ใช่,ไม่,ไม่,ไม่,ไม่,ไม่
ภาคตะวันออกเฉียงเหนือ,อุดรธานี,เมืองอุดรธานี,หนองนาคำ,ชาย,60,วัยสูงอายุ 60 ปีขึ้นไป,สมรส,ยังไม่ได้จดทะเบียนสมรส,ใช่,ไม่,ไม่,ใช่,ไม่,ไม่,ไม่,ไม่,ไม่,ไม่
ภาคตะวันออกเฉียงเหนือ,อุดรธานี,เมืองอุดรธานี,หมากแข้ง,หญิง,46,วัยกลางคน 36 - 59 ปี,สมรส,ยังไม่ได้จดทะเบียนสมรส,ใช่,ใช่,ไม่,ไม่,ไม่,ไม่,ไม่,ใช่,ไม่,ใช่
ภาคตะวันออกเฉียงเหนือ,อุดรธานี,เมืองอุดรธานี,หมากแข้ง,ชาย,40,วัยกลางคน 36 - 59 ปี,สมรส,จดทะเบียนสมรสแล้ว,ไม่,ไม่,ไม่,ใช่,ใช่,ไม่,ไม่,ไม่,ไม่,ไม่
ภาคตะวันออกเฉียงเหนือ,อุดรธานี,หนองหาน,หนองหาน,ชาย,22,วัยผู้ใหญ่ตอนต้น 19 - 35 ปี,โสด,ไม่ระบุ,ไม่,ใช่,ไม่,ไม่,ไม่,ไม่,ไม่,ไม่,ไม่,ไม่
ภาคตะวันออกเฉียงเหนือ,อุดรธานี,ทุ่งฝน,นาชุมแสง,ชาย,38,วัยกลางคน 36 - 59 ปี,โสด,ไม่ระบุ,ไม่,ไม่,ไม่,ไม่,ไม่,ไม่,ไม่,ใช่,ไม่,ไม่
ภาคตะวันออกเฉียงเหนือ,อุดรธานี,น้ำโสม,น้ำโสม,ชาย,31,วัยผู้ใหญ่ตอนต้น 19 - 35 ปี,โสด,ไม่ระบุ,ไม่,ไม่,ไม่,ใช่,ไม่,ไม่,ไม่,ใช่,ไม่,ไม่
ภาคตะวันออกเฉียงเหนือ,อุบลราชธานี,พิบูลมังสาหาร,อ่างศิลา,หญิง,33,วัยผู้ใหญ่ตอนต้น 19 - 35 ปี,แยกกันอยู่,ยังไม่ได้จดทะเบียนหย่า,ไม่,ไม่,ไม่,ใช่,ไม่,ไม่,ไม่,ไม่,ไม่,ใช่
ภาคตะวันออกเฉียงเหนือ,อุบลราชธานี,โพธิ์ไทร,โพธิ์ไทร,ชาย,45,วัยกลางคน 36 - 59 ปี,สมรส,จดทะเบียนสมรสแล้ว,ไม่,ไม่,ไม่,ไม่,ใช่,ไม่,ไม่,ไม่,ไม่,ไม่
ภาคตะวันออกเฉียงเหนือ,เลย,เมืองเลย,นาโป่ง,ชาย,28,วัยผู้ใหญ่ตอนต้น 19 - 35 ปี,โสด,ไม่ระบุ,ไม่,ใช่,ใช่,ใช่,ใช่,ไม่,ไม่,ใช่,ใช่,ไม่
ภาคเหนือ,กำแพงเพชร,บึงสามัคคี,ระหาน,ชาย,32,วัยผู้ใหญ่ตอนต้น 19 - 35 ปี,หม้าย (กรณีคู่สมรสเสียชีวิต),ไม่ระบุ,ใช่,ไม่,ไม่,ไม่,ไม่,ไม่,ไม่,ไม่,ไม่,ไม่
ภาคเหนือ,กำแพงเพชร,ขาณุวรลักษบุรี,วังชะพลู,ชาย,45,วัยกลางคน 36 - 59 ปี,หม้าย (กรณีคู่สมรสเสียชีวิต),ไม่ระบุ,ไม่,ไม่,ไม่,ไม่,ไม่,ไม่,ไม่,ไม่,ไม่,ใช่
ภาคเหนือ,กำแพงเพชร,บึงสามัคคี,ระหาน,ชาย,32,วัยผู้ใหญ่ตอนต้น 19 - 35 ปี,แยกกันอยู่,ยังไม่ได้จดทะเบียนหย่า,ใช่,ไม่,ไม่,ไม่,ไม่,ไม่,ไม่,ไม่,ไม่,ไม่
ภาคเหนือ,กำแพงเพชร,เมืองกำแพงเพชร,ท่าขุนราม,ชาย,47,วัยกลางคน 36 - 59 ปี,สมรส,ยังไม่ได้จดทะเบียนสมรส,ไม่,ใช่,ใช่,ไม่,ใช่,ไม่,ไม่,ไม่,ไม่,ไม่
ภาคเหนือ,กำแพงเพชร,ไทรงาม,หนองคล้า,ชาย,59,วัยกลางคน 36 - 59 ปี,แยกกันอยู่,ยังไม่ได้จดทะเบียนหย่า,ไม่,ไม่,ไม่,ใช่,ไม่,ไม่,ไม่,ไม่,ไม่,ไม่
ภาคเหนือ,กำแพงเพชร,เมืองกำแพงเพชร,ในเมือง,ชาย,30,วัยผู้ใหญ่ตอนต้น 19 - 35 ปี,แยกกันอยู่,ยังไม่ได้จดทะเบียนหย่า,ไม่,ไม่,ใช่,ไม่,ใช่,ไม่,ไม่,ไม่,ไม่,ไม่
ภาคเหนือ,กำแพงเพชร,ขาณุวรลักษบุรี,สลกบาตร,ชาย,31,วัยผู้ใหญ่ตอนต้น 19 - 35 ปี,โสด,ไม่ระบุ,ไม่,ไม่,ไม่,ไม่,ไม่,ไม่,ไม่,ใช่,ไม่,ไม่
ภาคเหนือ,กำแพงเพชร,บึงสามัคคี,วังชะโอน,ชาย,34,วัยผู้ใหญ่ตอนต้น 19 - 35 ปี,แยกกันอยู่,ยังไม่ได้จดทะเบียนหย่า,ไม่,ใช่,ใช่,ไม่,ไม่,ไม่,ไม่,ไม่,ไม่,ไม่
ภาคเหนือ,กำแพงเพชร,เมืองกำแพงเพชร,ในเมือง,หญิง,28,วัยผู้ใหญ่ตอนต้น 19 - 35 ปี,สมรส,ยังไม่ได้จดทะเบียนสมรส,ไม่,ใช่,ไม่,ไม่,ไม่,ไม่,ไม่,ใช่,ไม่,ไม่
ภาคเหนือ,กำแพงเพชร,โกสัมพีนคร,โกสัมพี,ชาย,43,วัยกลางคน 36 - 59 ปี,สมรส,ยังไม่ได้จดทะเบียนสมรส,ไม่,ใช่,ไม่,ไม่,ไม่,ไม่,ไม่,ไม่,ไม่,ไม่
ภาคเหนือ,ตาก,เมืองตาก,ป่ามะม่วง,ชาย,27,วัยผู้ใหญ่ตอนต้น 19 - 35 ปี,โสด,ไม่ระบุ,ไม่,ใช่,ไม่,ไม่,ไม่,ไม่,ไม่,ไม่,ไม่,ไม่
ภาคเหนือ,ตาก,เมืองตาก,หนองบัวเหนือ,หญิง,43,วัยกลางคน 36 - 59 ปี,สมรส,ยังไม่ได้จดทะเบียนสมรส,ไม่,ไม่,ไม่,ไม่,ไม่,ไม่,ไม่,ไม่,ไม่,ใช่
ภาคเหนือ,ตาก,เมืองตาก,วังหิน,ชาย,44,วัยกลางคน 36 - 59 ปี,สมรส,ยังไม่ได้จดทะเบียนสมรส,ไม่,ใช่,ไม่,ไม่,ไม่,ไม่,ไม่,ไม่,ไม่,ไม่
ภาคเหนือ,ตาก,เมืองตาก,ป่ามะม่วง,ชาย,39,วัยกลางคน 36 - 59 ปี,โสด,ไม่ระบุ,ไม่,ใช่,ไม่,ไม่,ไม่,ไม่,ไม่,ไม่,ไม่,ไม่
ภาคเหนือ,ตาก,แม่สอด,แม่ตาว,ชาย,31,วัยผู้ใหญ่ตอนต้น 19 - 35 ปี,โสด,ไม่ระบุ,ใช่,ใช่,ไม่,ไม่,ไม่,ไม่,ไม่,ไม่,ไม่,ไม่
ภาคเหนือ,นครสวรรค์,เมืองนครสวรรค์,หนองปลิง,ชาย,31,วัยผู้ใหญ่ตอนต้น 19 - 35 ปี,สมรส,ยังไม่ได้จดทะเบียนสมรส,ไม่,ใช่,ไม่,ไม่,ใช่,ไม่,ไม่,ไม่,ไม่,ไม่
ภาคเหนือ,นครสวรรค์,เมืองนครสวรรค์,ปากน้ำโพ,ชาย,40,วัยกลางคน 36 - 59 ปี,แยกกันอยู่,จดทะเบียนหย่า,ไม่,ไม่,ใช่,ไม่,ใช่,ใช่,ไม่,ไม่,ไม่,ไม่
ภาคเหนือ,นครสวรรค์,พยุหะคีรี,น้ำทรง,ชาย,39,วัยกลางคน 36 - 59 ปี,แยกกันอยู่,จดทะเบียนหย่า,ไม่,ใช่,ไม่,ไม่,ไม่,ไม่,ไม่,ไม่,ใช่,ไม่
ภาคเหนือ,นครสวรรค์,แม่เปิน,แม่เปิน,ชาย,24,วัยผู้ใหญ่ตอนต้น 19 - 35 ปี,สมรส,ยังไม่ได้จดทะเบียนสมรส,ใช่,ใช่,ใช่,ไม่,ใช่,ไม่,ไม่,ไม่,ไม่,ไม่
ภาคเหนือ,นครสวรรค์,ตากฟ้า,เขาชายธง,ชาย,66,วัยสูงอายุ 60 ปีขึ้นไป,แยกกันอยู่,จดทะเบียนหย่า,ไม่,ไม่,ไม่,ไม่,ไม่,ไม่,ไม่,ไม่,ใช่,ไม่
ภาคเหนือ,นครสวรรค์,เมืองนครสวรรค์,หนองกระโดน,ชาย,67,วัยสูงอายุ 60 ปีขึ้นไป,สมรส,ยังไม่ได้จดทะเบียนสมรส,ใช่,ไม่,ไม่,ไม่,ไม่,ไม่,ไม่,ไม่,ไม่,ไม่
ภาคเหนือ,นครสวรรค์,ชุมแสง,พันลาน,ชาย,41,วัยกลางคน 36 - 59 ปี,โสด,ไม่ระบุ,ไม่,ไม่,ไม่,ไม่,ไม่,ไม่,ไม่,ใช่,ไม่,ไม่
ภาคเหนือ,นครสวรรค์,โกรกพระ,หาดสูง,ชาย,49,วัยกลางคน 36 - 59 ปี,แยกกันอยู่,ยังไม่ได้จดทะเบียนหย่า,ไม่,ใช่,ไม่,ไม่,ไม่,ไม่,ไม่,ไม่,ใช่,ใช่
ภาคเหนือ,น่าน,เมืองน่าน,สะเนียน,ชาย,58,วัยกลางคน 36 - 59 ปี,สมรส,จดทะเบียนสมรสแล้ว,ไม่,ไม่,ไม่,ไม่,ไม่,ไม่,ไม่,ไม่,ไม่,ใช่
ภาคเหนือ,น่าน,เวียงสา,กลางเวียง,หญิง,31,วัยผู้ใหญ่ตอนต้น 19 - 35 ปี,สมรส,จดทะเบียนสมรสแล้ว,ไม่,ไม่,ใช่,ไม่,ไม่,ไม่,ไม่,ไม่,ไม่,ไม่
ภาคเหนือ,น่าน,เมืองน่าน,นาซาว,หญิง,50,วัยกลางคน 36 - 59 ปี,สมรส,จดทะเบียนสมรสแล้ว,ใช่,ไม่,ใช่,ใช่,ใช่,ไม่,ไม่,ไม่,ไม่,ไม่
ภาคเหนือ,น่าน,สันติสุข,พงษ์,ชาย,53,วัยกลางคน 36 - 59 ปี,สมรส,จดทะเบียนสมรสแล้ว,ไม่,ไม่,ไม่,ใช่,ไม่,ไม่,ไม่,ไม่,ไม่,ไม่
ภาคเหนือ,น่าน,เชียงกลาง,พญาแก้ว,หญิง,58,วัยกลางคน 36 - 59 ปี,สมรส,จดทะเบียนสมรสแล้ว,ไม่,ไม่,ใช่,ไม่,ไม่,ไม่,ไม่,ไม่,ไม่,ไม่
ภาคเหนือ,น่าน,ท่าวังผา,ยม,ชาย,32,วัยผู้ใหญ่ตอนต้น 19 - 35 ปี,โสด,ไม่ระบุ,ไม่,ไม่,ไม่,ไม่,ไม่,ไม่,ไม่,ใช่,ไม่,ไม่
ภาคเหนือ,น่าน,เชียงกลาง,เปือ,ชาย,30,วัยผู้ใหญ่ตอนต้น 19 - 35 ปี,โสด,ไม่ระบุ,ใช่,ไม่,ไม่,ไม่,ไม่,ไม่,ไม่,ใช่,ไม่,ไม่
ภาคเหนือ,น่าน,เวียงสา,แม่ขะนิง,ชาย,30,วัยผู้ใหญ่ตอนต้น 19 - 35 ปี,แยกกันอยู่,ยังไม่ได้จดทะเบียนหย่า,ใช่,ไม่,ไม่,ไม่,ไม่,ไม่,ไม่,ไม่,ไม่,ไม่
ภาคเหนือ,น่าน,ภูเพียง,เมืองจัง,ชาย,45,วัยกลางคน 36 - 59 ปี,สมรส,จดทะเบียนสมรสแล้ว,ไม่,ไม่,ใช่,ไม่,ไม่,ไม่,ไม่,ไม่,ไม่,ไม่
ภาคเหนือ,น่าน,ภูเพียง,น้ำแก่น,ชาย,30,วัยผู้ใหญ่ตอนต้น 19 - 35 ปี,โสด,ไม่ระบุ,ไม่,ไม่,ใช่,ไม่,ใช่,ไม่,ไม่,ไม่,ไม่,ไม่
ภาคเหนือ,น่าน,ทุ่งช้าง,และ,ชาย,46,วัยกลางคน 36 - 59 ปี,สมรส,จดทะเบียนสมรสแล้ว,ไม่,ไม่,ใช่,ไม่,ไม่,ไม่,ไม่,ไม่,ไม่,ไม่
ภาคเหนือ,น่าน,เวียงสา,นาเหลือง,ชาย,39,วัยกลางคน 36 - 59 ปี,สมรส,จดทะเบียนสมรสแล้ว,ใช่,ใช่,ไม่,ใช่,ไม่,ไม่,ไม่,ไม่,ไม่,ไม่
ภาคเหนือ,น่าน,ปัว,ป่ากลาง,ชาย,66,วัยสูงอายุ 60 ปีขึ้นไป,สมรส,ยังไม่ได้จดทะเบียนสมรส,ใช่,ไม่,ใช่,ไม่,ใช่,ไม่,ไม่,ไม่,ไม่,ไม่
ภาคเหนือ,น่าน,เมืองน่าน,สะเนียน,ชาย,48,วัยกลางคน 36 - 59 ปี,สมรส,จดทะเบียนสมรสแล้ว,ไม่,ไม่,ใช่,ไม่,ใช่,ไม่,ไม่,ไม่,ไม่,ไม่
ภาคเหนือ,น่าน,ปัว,อวน,ชาย,61,วัยสูงอายุ 60 ปีขึ้นไป,สมรส,จดทะเบียนสมรสแล้ว,ไม่,ไม่,ไม่,ไม่,ไม่,ใช่,ไม่,ไม่,ไม่,ใช่
ภาคเหนือ,น่าน,ปัว,ป่ากลาง,ชาย,30,วัยผู้ใหญ่ตอนต้น 19 - 35 ปี,สมรส,จดทะเบียนสมรสแล้ว,ไม่,ไม่,ใช่,ใช่,ใช่,ไม่,ไม่,ไม่,ไม่,ไม่
ภาคเหนือ,น่าน,เมืองน่าน,ในเวียง,ชาย,24,วัยผู้ใหญ่ตอนต้น 19 - 35 ปี,สมรส,ยังไม่ได้จดทะเบียนสมรส,ไม่,ไม่,ใช่,ไม่,ไม่,ไม่,ไม่,ไม่,ไม่,ไม่
ภาคเหนือ,น่าน,เมืองน่าน,บ่อ,ชาย,51,วัยกลางคน 36 - 59 ปี,สมรส,จดทะเบียนสมรสแล้ว,ใช่,ไม่,ไม่,ไม่,ไม่,ไม่,ไม่,ไม่,ไม่,ไม่
ภาคเหนือ,น่าน,นาหมื่น,นาทะนุง,ชาย,25,วัยผู้ใหญ่ตอนต้น 19 - 35 ปี,สมรส,ยังไม่ได้จดทะเบียนสมรส,ใช่,ใช่,ใช่,ไม่,ไม่,ไม่,ไม่,ไม่,ไม่,ไม่
ภาคเหนือ,พะเยา,เมืองพะเยา,แม่ต๋ำ,ชาย,34,วัยผู้ใหญ่ตอนต้น 19 - 35 ปี,โสด,ไม่ระบุ,ใช่,ไม่,ไม่,ไม่,ไม่,ไม่,ไม่,ไม่,ไม่,ไม่
ภาคเหนือ,พะเยา,ดอกคำใต้,บ้านปิน,หญิง,84,วัยสูงอายุ 60 ปีขึ้นไป,หม้าย (กรณีคู่สมรสเสียชีวิต),ไม่ระบุ,ใช่,ไม่,ไม่,ไม่,ไม่,ไม่,ไม่,ใช่,ไม่,ไม่
ภาคเหนือ,พะเยา,จุน,ห้วยยางขาม,ชาย,39,วัยกลางคน 36 - 59 ปี,สมรส,ยังไม่ได้จดทะเบียนสมรส,ใช่,ใช่,ไม่,ใช่,ไม่,ไม่,ไม่,ใช่,ไม่,ไม่
ภาคเหนือ,พะเยา,เมืองพะเยา,แม่นาเรือ,ชาย,49,วัยกลางคน 36 - 59 ปี,สมรส,ยังไม่ได้จดทะเบียนสมรส,ใช่,ไม่,ไม่,ใช่,ไม่,ไม่,ไม่,ไม่,ไม่,ไม่
ภาคเหนือ,พิจิตร,บางมูลนาก,เนินมะกอก,ชาย,19,วัยผู้ใหญ่ตอนต้น 19 - 35 ปี,โสด,ไม่ระบุ,ใช่,ใช่,ไม่,ใช่,ไม่,ไม่,ไม่,ใช่,ไม่,ไม่
ภาคเหนือ,พิจิตร,เมืองพิจิตร,หัวดง,ชาย,33,วัยผู้ใหญ่ตอนต้น 19 - 35 ปี,แยกกันอยู่,ยังไม่ได้จดทะเบียนหย่า,ไม่,ใช่,ไม่,ไม่,ไม่,ใช่,ไม่,ไม่,ไม่,ไม่
ภาคเหนือ,พิจิตร,เมืองพิจิตร,ดงป่าคำ,ชาย,42,วัยกลางคน 36 - 59 ปี,สมรส,ยังไม่ได้จดทะเบียนสมรส,ใช่,ไม่,ไม่,ใช่,ไม่,ไม่,ไม่,ไม่,ไม่,ไม่
ภาคเหนือ,พิจิตร,เมืองพิจิตร,ดงป่าคำ,หญิง,42,วัยกลางคน 36 - 59 ปี,สมรส,ยังไม่ได้จดทะเบียนสมรส,ใช่,ไม่,ไม่,ใช่,ไม่,ไม่,ไม่,ไม่,ไม่,ไม่
ภาคเหนือ,พิจิตร,เมืองพิจิตร,สายคำโห้,ชาย,32,วัยผู้ใหญ่ตอนต้น 19 - 35 ปี,โสด,ไม่ระบุ,ใช่,ใช่,ไม่,ไม่,ไม่,ไม่,ไม่,ใช่,ไม่,ไม่
ภาคเหนือ,พิจิตร,เมืองพิจิตร,ดงกลาง,ชาย,41,วัยกลางคน 36 - 59 ปี,แยกกันอยู่,จดทะเบียนหย่า,ไม่,ใช่,ใช่,ไม่,ไม่,ไม่,ไม่,ใช่,ไม่,ไม่
ภาคเหนือ,พิจิตร,เมืองพิจิตร,ปากทาง,ชาย,37,วัยกลางคน 36 - 59 ปี,แยกกันอยู่,จดทะเบียนหย่า,ใช่,ใช่,ไม่,ไม่,ไม่,ไม่,ไม่,ใช่,ไม่,ไม่
ภาคเหนือ,พิจิตร,ตะพานหิน,งิ้วราย,ชาย,34,วัยผู้ใหญ่ตอนต้น 19 - 35 ปี,สมรส,จดทะเบียนสมรสแล้ว,ใช่,ใช่,ไม่,ใช่,ใช่,ไม่,ใช่,ใช่,ไม่,ไม่
ภาคเหนือ,พิจิตร,เมืองพิจิตร,โรงช้าง,ชาย,41,วัยกลางคน 36 - 59 ปี,โสด,ไม่ระบุ,ไม่,ใช่,ไม่,ไม่,ไม่,ไม่,ไม่,ใช่,ไม่,ไม่
ภาคเหนือ,พิษณุโลก,บางกระทุ่ม,บ้านไร่,ชาย,26,วัยผู้ใหญ่ตอนต้น 19 - 35 ปี,สมรส,ยังไม่ได้จดทะเบียนสมรส,ไม่,ใช่,ไม่,ไม่,ใช่,ไม่,ไม่,ไม่,ไม่,ไม่
ภาคเหนือ,พิษณุโลก,เมืองพิษณุโลก,อรัญญิก,ชาย,40,วัยกลางคน 36 - 59 ปี,สมรส,จดทะเบียนสมรสแล้ว,ไม่,ไม่,ไม่,ไม่,ใช่,ไม่,ไม่,ไม่,ไม่,ไม่
ภาคเหนือ,พิษณุโลก,บางกระทุ่ม,บ้านไร่,ชาย,26,วัยผู้ใหญ่ตอนต้น 19 - 35 ปี,สมรส,ยังไม่ได้จดทะเบียนสมรส,ไม่,ใช่,ไม่,ไม่,ใช่,ไม่,ไม่,ไม่,ไม่,ไม่
ภาคเหนือ,พิษณุโลก,บางกระทุ่ม,ไผ่ล้อม,ชาย,43,วัยกลางคน 36 - 59 ปี,สมรส,ยังไม่ได้จดทะเบียนสมรส,ใช่,ไม่,ไม่,ไม่,ไม่,ไม่,ไม่,ไม่,ไม่,ไม่
ภาคเหนือ,พิษณุโลก,วังทอง,วังพิกุล,หญิง,31,วัยผู้ใหญ่ตอนต้น 19 - 35 ปี,แยกกันอยู่,ยังไม่ได้จดทะเบียนหย่า,ไม่,ใช่,ไม่,ไม่,ไม่,ใช่,ใช่,ไม่,ไม่,ใช่
ภาคเหนือ,พิษณุโลก,วังทอง,วังทอง,หญิง,48,วัยกลางคน 36 - 59 ปี,แยกกันอยู่,ยังไม่ได้จดทะเบียนหย่า,ไม่,ใช่,ไม่,ไม่,ไม่,ไม่,ไม่,ใช่,ไม่,ไม่
ภาคเหนือ,พิษณุโลก,เมืองพิษณุโลก,ดอนทอง,ชาย,53,วัยกลางคน 36 - 59 ปี,แยกกันอยู่,ยังไม่ได้จดทะเบียนหย่า,ไม่,ไม่,ใช่,ใช่,ไม่,ไม่,ไม่,ไม่,ไม่,ใช่
ภาคเหนือ,พิษณุโลก,บางระกำ,คุยม่วง,หญิง,26,วัยผู้ใหญ่ตอนต้น 19 - 35 ปี,แยกกันอยู่,ยังไม่ได้จดทะเบียนหย่า,ไม่,ไม่,ไม่,ไม่,ไม่,ใช่,ไม่,ไม่,ไม่,ไม่
ภาคเหนือ,พิษณุโลก,เมืองพิษณุโลก,หัวรอ,ชาย,49,วัยกลางคน 36 - 59 ปี,แยกกันอยู่,ยังไม่ได้จดทะเบียนหย่า,ใช่,ไม่,ไม่,ไม่,ใช่,ใช่,ไม่,ไม่,ใช่,ไม่
ภาคเหนือ,พิษณุโลก,นครไทย,บ้านแยง,ชาย,44,วัยกลางคน 36 - 59 ปี,สมรส,จดทะเบียนสมรสแล้ว,ใช่,ใช่,ไม่,ไม่,ไม่,ไม่,ไม่,ไม่,ไม่,ไม่
ภาคเหนือ,พิษณุโลก,เมืองพิษณุโลก,หัวรอ,หญิง,30,วัยผู้ใหญ่ตอนต้น 19 - 35 ปี,แยกกันอยู่,จดทะเบียนหย่า,ไม่,ไม่,ไม่,ไม่,ใช่,ไม่,ไม่,ไม่,ไม่,ไม่
ภาคเหนือ,พิษณุโลก,เมืองพิษณุโลก,ท่าโพธิ์,ชาย,25,วัยผู้ใหญ่ตอนต้น 19 - 35 ปี,แยกกันอยู่,จดทะเบียนหย่า,ไม่,ไม่,ไม่,ไม่,ไม่,ใช่,ไม่,ไม่,ไม่,ไม่
ภาคเหนือ,พิษณุโลก,เมืองพิษณุโลก,บึงพระ,ชาย,72,วัยสูงอายุ 60 ปีขึ้นไป,แยกกันอยู่,ยังไม่ได้จดทะเบียนหย่า,ใช่,ไม่,ใช่,ไม่,ไม่,ไม่,ไม่,ไม่,ไม่,ใช่
ภาคเหนือ,พิษณุโลก,วังทอง,บ้านกลาง,ชาย,55,วัยกลางคน 36 - 59 ปี,สมรส,ยังไม่ได้จดทะเบียนสมรส,ไม่,ไม่,ใช่,ไม่,ไม่,ไม่,ไม่,ไม่,ไม่,ไม่
ภาคเหนือ,พิษณุโลก,นครไทย,เนินเพิ่ม,ชาย,47,วัยกลางคน 36 - 59 ปี,สมรส,ยังไม่ได้จดทะเบียนสมรส,ใช่,ใช่,ใช่,ไม่,ไม่,ไม่,ไม่,ไม่,ไม่,ไม่
ภาคเหนือ,อุตรดิตถ์,เมืองอุตรดิตถ์,บ้านเกาะ,ชาย,52,วัยกลางคน 36 - 59 ปี,โสด,ไม่ระบุ,ใช่,ไม่,ไม่,ไม่,ไม่,ไม่,ไม่,ไม่,ไม่,ไม่
ภาคเหนือ,อุตรดิตถ์,พิชัย,ท่าสัก,ชาย,58,วัยกลางคน 36 - 59 ปี,โสด,ไม่ระบุ,ไม่,ไม่,ไม่,ไม่,ไม่,ไม่,ไม่,ใช่,ไม่,ไม่
ภาคเหนือ,อุตรดิตถ์,ท่าปลา,จริม,หญิง,52,วัยกลางคน 36 - 59 ปี,โสด,ไม่ระบุ,ไม่,ไม่,ไม่,ใช่,ไม่,ไม่,ไม่,ไม่,ไม่,ไม่
ภาคเหนือ,อุตรดิตถ์,เมืองอุตรดิตถ์,บ้านด่าน,ชาย,26,วัยผู้ใหญ่ตอนต้น 19 - 35 ปี,โสด,ไม่ระบุ,ใช่,ไม่,ไม่,ไม่,ไม่,ไม่,ไม่,ไม่,ไม่,ไม่
ภาคเหนือ,อุตรดิตถ์,ท่าปลา,หาดล้า,ชาย,54,วัยกลางคน 36 - 59 ปี,โสด,ไม่ระบุ,ใช่,ไม่,ไม่,ใช่,ไม่,ไม่,ไม่,ไม่,ไม่,ไม่
ภาคเหนือ,อุตรดิตถ์,ท่าปลา,หาดล้า,หญิง,49,วัยกลางคน 36 - 59 ปี,สมรส,ยังไม่ได้จดทะเบียนสมรส,ใช่,ไม่,ไม่,ใช่,ไม่,ไม่,ไม่,ไม่,ไม่,ไม่
ภาคเหนือ,อุตรดิตถ์,พิชัย,นายาง,ชาย,38,วัยกลางคน 36 - 59 ปี,แยกกันอยู่,ยังไม่ได้จดทะเบียนหย่า,ใช่,ไม่,ไม่,ใช่,ไม่,ไม่,ไม่,ไม่,ไม่,ไม่
ภาคเหนือ,อุตรดิตถ์,น้ำปาด,แสนตอ,ชาย,38,วัยกลางคน 36 - 59 ปี,โสด,ไม่ระบุ,ไม่,ใช่,ไม่,ไม่,ไม่,ไม่,ไม่,ไม่,ไม่,ไม่
ภาคเหนือ,อุทัยธานี,ลานสัก,น้ำรอบ,ชาย,28,วัยผู้ใหญ่ตอนต้น 19 - 35 ปี,โสด,ไม่ระบุ,ใช่,ใช่,ไม่,ใช่,ไม่,ไม่,ใช่,ไม่,ไม่,ไม่
ภาคเหนือ,อุทัยธานี,ห้วยคต,ทองหลาง,ชาย,29,วัยผู้ใหญ่ตอนต้น 19 - 35 ปี,สมรส,ยังไม่ได้จดทะเบียนสมรส,ใช่,ใช่,ใช่,ใช่,ใช่,ไม่,ไม่,ไม่,ไม่,ไม่
ภาคเหนือ,อุทัยธานี,ห้วยคต,ทองหลาง,ชาย,29,วัยผู้ใหญ่ตอนต้น 19 - 35 ปี,สมรส,ยังไม่ได้จดทะเบียนสมรส,ใช่,ใช่,ใช่,ใช่,ใช่,ไม่,ไม่,ไม่,ไม่,ไม่
ภาคเหนือ,อุทัยธานี,ลานสัก,น้ำรอบ,ชาย,28,วัยผู้ใหญ่ตอนต้น 19 - 35 ปี,โสด,ไม่ระบุ,ใช่,ใช่,ไม่,ใช่,ไม่,ไม่,ใช่,ไม่,ไม่,ไม่
ภาคเหนือ,อุทัยธานี,หนองฉาง,ทุ่งโพ,ชาย,31,วัยผู้ใหญ่ตอนต้น 19 - 35 ปี,โสด,ไม่ระบุ,ไม่,ใช่,ไม่,ไม่,ไม่,ไม่,ไม่,ไม่,ไม่,ไม่
ภาคเหนือ,อุทัยธานี,ทัพทัน,ตลุกดู่,ชาย,30,วัยผู้ใหญ่ตอนต้น 19 - 35 ปี,โสด,ไม่ระบุ,ไม่,ไม่,ไม่,ไม่,ใช่,ไม่,ไม่,ไม่,ไม่,ไม่
ภาคเหนือ,อุทัยธานี,บ้านไร่,แก่นมะกรูด,ชาย,25,วัยผู้ใหญ่ตอนต้น 19 - 35 ปี,โสด,ไม่ระบุ,ใช่,ใช่,ไม่,ไม่,ไม่,ไม่,ไม่,ไม่,ไม่,ไม่
ภาคเหนือ,อุทัยธานี,เมืองอุทัยธานี,น้ำซึม,ชาย,24,วัยผู้ใหญ่ตอนต้น 19 - 35 ปี,โสด,ไม่ระบุ,ไม่,ไม่,ไม่,ไม่,ใช่,ไม่,ไม่,ไม่,ไม่,ไม่
ภาคเหนือ,อุทัยธานี,สว่างอารมณ์,บ่อยาง,ชาย,24,วัยผู้ใหญ่ตอนต้น 19 - 35 ปี,โสด,ไม่ระบุ,ไม่,ไม่,ไม่,ไม่,ไม่,ไม่,ไม่,ใช่,ไม่,ไม่
ภาคเหนือ,อุทัยธานี,ทัพทัน,ตลุกดู่,ชาย,29,วัยผู้ใหญ่ตอนต้น 19 - 35 ปี,สมรส,จดทะเบียนสมรสแล้ว,ไม่,ไม่,ไม่,ไม่,ใช่,ไม่,ไม่,ไม่,ไม่,ไม่
ภาคเหนือ,อุทัยธานี,เมืองอุทัยธานี,สะแกกรัง,ชาย,32,วัยผู้ใหญ่ตอนต้น 19 - 35 ปี,แยกกันอยู่,ยังไม่ได้จดทะเบียนหย่า,ไม่,ใช่,ไม่,ไม่,ใช่,ไม่,ไม่,ไม่,ไม่,ไม่
ภาคเหนือ,เชียงราย,เมืองเชียงราย,แม่ยาว,ชาย,42,วัยกลางคน 36 - 59 ปี,สมรส,ยังไม่ได้จดทะเบียนสมรส,ใช่,ใช่,ไม่,ใช่,ไม่,ไม่,ไม่,ไม่,ไม่,ไม่
ภาคเหนือ,เชียงราย,แม่สาย,ศรีเมืองชุม,หญิง,37,วัยกลางคน 36 - 59 ปี,โสด,ไม่ระบุ,ใช่,ไม่,ไม่,ไม่,ไม่,ไม่,ไม่,ไม่,ไม่,ไม่
ภาคเหนือ,เชียงราย,แม่สาย,ศรีเมืองชุม,หญิง,62,วัยสูงอายุ 60 ปีขึ้นไป,โสด,ไม่ระบุ,ใช่,ไม่,ไม่,ไม่,ไม่,ไม่,ไม่,ไม่,ไม่,ไม่
ภาคเหนือ,เชียงราย,เวียงชัย,ดอนศิลา,ชาย,25,วัยผู้ใหญ่ตอนต้น 19 - 35 ปี,สมรส,ยังไม่ได้จดทะเบียนสมรส,ใช่,ไม่,ไม่,ไม่,ไม่,ไม่,ไม่,ไม่,ไม่,ไม่
ภาคเหนือ,เชียงราย,ป่าแดด,ป่าแงะ,ชาย,40,วัยกลางคน 36 - 59 ปี,โสด,ไม่ระบุ,ใช่,ใช่,ไม่,ใช่,ไม่,ไม่,ไม่,ไม่,ไม่,ใช่
ภาคเหนือ,เชียงราย,ดอยหลวง,ปงน้อย,ชาย,39,วัยกลางคน 36 - 59 ปี,แยกกันอยู่,ยังไม่ได้จดทะเบียนหย่า,ไม่,ไม่,ไม่,ไม่,ไม่,ไม่,ไม่,ไม่,ไม่,ใช่
ภาคเหนือ,เชียงราย,พญาเม็งราย,เม็งราย,ชาย,38,วัยกลางคน 36 - 59 ปี,สมรส,ยังไม่ได้จดทะเบียนสมรส,ใช่,ไม่,ไม่,ไม่,ไม่,ไม่,ไม่,ไม่,ไม่,ไม่
ภาคเหนือ,เชียงราย,ขุนตาล,ป่าตาล,ชาย,54,วัยกลางคน 36 - 59 ปี,สมรส,จดทะเบียนสมรสแล้ว,ใช่,ไม่,ไม่,ไม่,ไม่,ไม่,ไม่,ไม่,ไม่,ไม่
ภาคเหนือ,เชียงราย,เมืองเชียงราย,รอบเวียง,ชาย,39,วัยกลางคน 36 - 59 ปี,สมรส,จดทะเบียนสมรสแล้ว,ไม่,ใช่,ไม่,ไม่,ไม่,ไม่,ไม่,ไม่,ไม่,ไม่
ภาคเหนือ,เชียงราย,แม่จัน,ป่าซาง,ชาย,27,วัยผู้ใหญ่ตอนต้น 19 - 35 ปี,โสด,ไม่ระบุ,ไม่,ใช่,ไม่,ไม่,ไม่,ไม่,ไม่,ไม่,ไม่,ไม่
ภาคเหนือ,เชียงราย,แม่ฟ้าหลวง,แม่สลองนอก,ชาย,41,วัยกลางคน 36 - 59 ปี,หม้าย (กรณีคู่สมรสเสียชีวิต),ไม่ระบุ,ไม่,ใช่,ไม่,ไม่,ไม่,ไม่,ไม่,ใช่,ไม่,ไม่
ภาคเหนือ,เชียงราย,เวียงป่าเป้า,แม่เจดีย์ใหม่,ชาย,68,วัยสูงอายุ 60 ปีขึ้นไป,สมรส,จดทะเบียนสมรสแล้ว,ใช่,ไม่,ไม่,ไม่,ไม่,ไม่,ไม่,ใช่,ไม่,ไม่
ภาคเหนือ,เพชรบูรณ์,เมืองเพชรบูรณ์,นาป่า,ชาย,41,วัยกลางคน 36 - 59 ปี,สมรส,ยังไม่ได้จดทะเบียนสมรส,ไม่,ใช่,ใช่,ไม่,ไม่,ไม่,ไม่,ไม่,ไม่,ไม่
ภาคเหนือ,เพชรบูรณ์,ศรีเทพ,สระกรวด,ชาย,38,วัยกลางคน 36 - 59 ปี,สมรส,ยังไม่ได้จดทะเบียนสมรส,ไม่,ใช่,ไม่,ไม่,ไม่,ไม่,ไม่,ไม่,ไม่,ไม่
ภาคเหนือ,เพชรบูรณ์,หล่มสัก,ปากดุก,ชาย,38,วัยกลางคน 36 - 59 ปี,โสด,ไม่ระบุ,ไม่,ใช่,ไม่,ไม่,ไม่,ไม่,ไม่,ไม่,ไม่,ไม่
ภาคเหนือ,เพชรบูรณ์,หล่มสัก,ปากช่อง,ชาย,68,วัยสูงอายุ 60 ปีขึ้นไป,สมรส,จดทะเบียนสมรสแล้ว,ไม่,ไม่,ใช่,ไม่,ไม่,ไม่,ไม่,ไม่,ไม่,ไม่
ภาคเหนือ,แพร่,ร้องกวาง,แม่ยางตาล,ชาย,49,วัยกลางคน 36 - 59 ปี,สมรส,จดทะเบียนสมรสแล้ว,ใช่,ใช่,ไม่,ไม่,ไม่,ไม่,ไม่,ไม่,ไม่,ไม่
ภาคเหนือ,แพร่,สูงเม่น,เวียงทอง,ชาย,37,วัยกลางคน 36 - 59 ปี,โสด,ไม่ระบุ,ใช่,ใช่,ไม่,ไม่,ไม่,ไม่,ไม่,ไม่,ไม่,ไม่
ภาคเหนือ,แพร่,ร้องกวาง,แม่ยางร้อง,ชาย,29,วัยผู้ใหญ่ตอนต้น 19 - 35 ปี,โสด,ไม่ระบุ,ใช่,ใช่,ไม่,ไม่,ไม่,ไม่,ไม่,ไม่,ไม่,ไม่
ภาคเหนือ,แพร่,เมืองแพร่,ป่าแมต,ชาย,54,วัยกลางคน 36 - 59 ปี,โสด,ไม่ระบุ,ใช่,ไม่,ไม่,ใช่,ไม่,ไม่,ไม่,ไม่,ไม่,ไม่
ภาคเหนือ,แพร่,วังชิ้น,แม่เกิ๋ง,ชาย,31,วัยผู้ใหญ่ตอนต้น 19 - 35 ปี,โสด,ไม่ระบุ,ใช่,ไม่,ไม่,ใช่,ไม่,ไม่,ไม่,ไม่,ไม่,ไม่
ภาคเหนือ,แพร่,เมืองแพร่,ในเวียง,ชาย,36,วัยกลางคน 36 - 59 ปี,สมรส,จดทะเบียนสมรสแล้ว,ไม่,ใช่,ใช่,ใช่,ไม่,ไม่,ไม่,ไม่,ไม่,ไม่
ภาคเหนือ,แม่ฮ่องสอน,เมืองแม่ฮ่องสอน,ปางหมู,ชาย,33,วัยผู้ใหญ่ตอนต้น 19 - 35 ปี,สมรส,ยังไม่ได้จดทะเบียนสมรส,ใช่,ไม่,ไม่,ไม่,ไม่,ไม่,ไม่,ไม่,ไม่,ไม่
ภาคเหนือ,แม่ฮ่องสอน,เมืองแม่ฮ่องสอน,ปางหมู,ชาย,37,วัยกลางคน 36 - 59 ปี,แยกกันอยู่,ยังไม่ได้จดทะเบียนหย่า,ใช่,ไม่,ไม่,ไม่,ไม่,ไม่,ไม่,ไม่,ไม่,ไม่
ภาคเหนือ,แม่ฮ่องสอน,ขุนยวม,ขุนยวม,ชาย,58,วัยกลางคน 36 - 59 ปี,สมรส,ยังไม่ได้จดทะเบียนสมรส,ใช่,ไม่,ไม่,ไม่,ไม่,ไม่,ไม่,ไม่,ไม่,ไม่
ภาคเหนือ,แม่ฮ่องสอน,เมืองแม่ฮ่องสอน,ห้วยผา,ชาย,63,วัยสูงอายุ 60 ปีขึ้นไป,สมรส,จดทะเบียนสมรสแล้ว,ไม่,ไม่,ไม่,ไม่,ไม่,ไม่,ไม่,ไม่,ไม่,ใช่
ภาคใต้,กระบี่,อ่าวลึก,อ่าวลึกใต้,ชาย,41,วัยกลางคน 36 - 59 ปี,สมรส,ยังไม่ได้จดทะเบียนสมรส,ไม่,ใช่,ใช่,ใช่,ไม่,ไม่,ไม่,ไม่,ไม่,ไม่
ภาคใต้,ชุมพร,สวี,ทุ่งระยะ,ชาย,63,วัยสูงอายุ 60 ปีขึ้นไป,สมรส,ยังไม่ได้จดทะเบียนสมรส,ไม่,ไม่,ไม่,ไม่,ใช่,ไม่,ไม่,ไม่,ไม่,ไม่
ภาคใต้,ชุมพร,ท่าแซะ,รับร่อ,ชาย,49,วัยกลางคน 36 - 59 ปี,โสด,ไม่ระบุ,ไม่,ไม่,ไม่,ใช่,ใช่,ไม่,ไม่,ไม่,ไม่,ไม่
ภาคใต้,ชุมพร,สวี,ท่าหิน,ชาย,34,วัยผู้ใหญ่ตอนต้น 19 - 35 ปี,โสด,ไม่ระบุ,ไม่,ใช่,ไม่,ไม่,ใช่,ไม่,ไม่,ไม่,ไม่,ไม่
ภาคใต้,ชุมพร,สวี,ด่านสวี,ชาย,38,วัยกลางคน 36 - 59 ปี,โสด,ไม่ระบุ,ใช่,ใช่,ไม่,ไม่,ไม่,ไม่,ไม่,ใช่,ไม่,ไม่
ภาคใต้,ชุมพร,สวี,วิสัยใต้,ชาย,45,วัยกลางคน 36 - 59 ปี,สมรส,จดทะเบียนสมรสแล้ว,ไม่,ไม่,ใช่,ไม่,ไม่,ไม่,ไม่,ไม่,ไม่,ใช่
ภาคใต้,ชุมพร,สวี,นาสัก,หญิง,60,วัยสูงอายุ 60 ปีขึ้นไป,หม้าย (กรณีคู่สมรสเสียชีวิต),ไม่ระบุ,ไม่,ไม่,ใช่,ไม่,ไม่,ไม่,ไม่,ไม่,ไม่,ไม่
ภาคใต้,ชุมพร,สวี,สวี,ชาย,45,วัยกลางคน 36 - 59 ปี,แยกกันอยู่,ยังไม่ได้จดทะเบียนหย่า,ไม่,ใช่,ใช่,ไม่,ไม่,ไม่,ไม่,ไม่,ไม่,ไม่
ภาคใต้,นครศรีธรรมราช,หัวไทร,ทรายขาว,ชาย,42,วัยกลางคน 36 - 59 ปี,สมรส,ยังไม่ได้จดทะเบียนสมรส,ไม่,ใช่,ไม่,ไม่,ไม่,ไม่,ไม่,ไม่,ไม่,ไม่
ภาคใต้,นครศรีธรรมราช,เมืองนครศรีธรรมราช,โพธิ์เสด็จ,ชาย,40,วัยกลางคน 36 - 59 ปี,สมรส,จดทะเบียนสมรสแล้ว,ไม่,ไม่,ไม่,ไม่,ใช่,ไม่,ไม่,ไม่,ไม่,ไม่
ภาคใต้,นครศรีธรรมราช,ทุ่งสง,ชะมาย,ชาย,28,วัยผู้ใหญ่ตอนต้น 19 - 35 ปี,สมรส,ยังไม่ได้จดทะเบียนสมรส,ไม่,ไม่,ใช่,ไม่,ไม่,ไม่,ไม่,ไม่,ไม่,ไม่
ภาคใต้,นราธิวาส,ยี่งอ,ลุโบะบือซา,หญิง,44,วัยกลางคน 36 - 59 ปี,สมรส,จดทะเบียนสมรสแล้ว,ไม่,ใช่,ไม่,ไม่,ไม่,ไม่,ใช่,ใช่,ไม่,ใช่
ภาคใต้,นราธิวาส,เมืองนราธิวาส,บางนาค,หญิง,44,วัยกลางคน 36 - 59 ปี,สมรส,จดทะเบียนสมรสแล้ว,ไม่,ไม่,ไม่,ใช่,ไม่,ไม่,ใช่,ใช่,ไม่,ใช่
ภาคใต้,นราธิวาส,ศรีสาคร,ศรีบรรพต,ชาย,41,วัยกลางคน 36 - 59 ปี,สมรส,จดทะเบียนสมรสแล้ว,ไม่,ใช่,ใช่,ไม่,ใช่,ไม่,ไม่,ใช่,ไม่,ใช่
ภาคใต้,นราธิวาส,แว้ง,แว้ง,ชาย,33,วัยผู้ใหญ่ตอนต้น 19 - 35 ปี,สมรส,จดทะเบียนสมรสแล้ว,ไม่,ใช่,ใช่,ใช่,ใช่,ไม่,ใช่,ใช่,ไม่,ไม่
ภาคใต้,นราธิวาส,ระแงะ,ตันหยงมัส,ชาย,43,วัยกลางคน 36 - 59 ปี,สมรส,ยังไม่ได้จดทะเบียนสมรส,ไม่,ไม่,ใช่,ไม่,ไม่,ไม่,ไม่,ไม่,ไม่,ไม่
ภาคใต้,ปัตตานี,ยะหริ่ง,บางปู,หญิง,38,วัยกลางคน 36 - 59 ปี,แยกกันอยู่,ยังไม่ได้จดทะเบียนหย่า,ไม่,ใช่,ไม่,ไม่,ไม่,ไม่,ไม่,ใช่,ไม่,ไม่
ภาคใต้,ปัตตานี,สายบุรี,แป้น,ชาย,43,วัยกลางคน 36 - 59 ปี,สมรส,ยังไม่ได้จดทะเบียนสมรส,ไม่,ไม่,ใช่,ไม่,ไม่,ไม่,ไม่,ไม่,ไม่,ใช่
ภาคใต้,ปัตตานี,สายบุรี,ตะลุบัน,หญิง,38,วัยกลางคน 36 - 59 ปี,สมรส,ยังไม่ได้จดทะเบียนสมรส,ไม่,ไม่,ไม่,ไม่,ไม่,ไม่,ไม่,ไม่,ไม่,ใช่
ภาคใต้,พังงา,ทับปุด,ทับปุด,หญิง,25,วัยผู้ใหญ่ตอนต้น 19 - 35 ปี,โสด,ไม่ระบุ,ไม่,ไม่,ไม่,ไม่,ไม่,ไม่,ไม่,ใช่,ไม่,ไม่
ภาคใต้,พังงา,ท้ายเหมือง,ทุ่งมะพร้าว,ชาย,44,วัยกลางคน 36 - 59 ปี,สมรส,ยังไม่ได้จดทะเบียนสมรส,ไม่,ไม่,ใช่,ไม่,ไม่,ไม่,ไม่,ไม่,ไม่,ไม่
ภาคใต้,พังงา,ตะกั่วทุ่ง,กระโสม,ชาย,46,วัยกลางคน 36 - 59 ปี,หม้าย (กรณีคู่สมรสเสียชีวิต),ไม่ระบุ,ไม่,ใช่,ไม่,ไม่,ไม่,ไม่,ไม่,ใช่,ไม่,ไม่
ภาคใต้,พังงา,เมืองพังงา,นบปริง,ชาย,26,วัยผู้ใหญ่ตอนต้น 19 - 35 ปี,โสด,ไม่ระบุ,ไม่,ไม่,ใช่,ไม่,ไม่,ไม่,ไม่,ไม่,ไม่,ไม่
ภาคใต้,พังงา,ท้ายเหมือง,บางทอง,ชาย,36,วัยกลางคน 36 - 59 ปี,โสด,ไม่ระบุ,ไม่,ใช่,ไม่,ไม่,ไม่,ไม่,ไม่,ไม่,ไม่,ไม่
ภาคใต้,พัทลุง,ป่าพะยอม,เกาะเต่า,ชาย,40,วัยกลางคน 36 - 59 ปี,โสด,ไม่ระบุ,ไม่,ใช่,ไม่,ใช่,ไม่,ไม่,ไม่,ไม่,ไม่,ไม่
ภาคใต้,พัทลุง,เมืองพัทลุง,นาท่อม,ชาย,65,วัยสูงอายุ 60 ปีขึ้นไป,โสด,ไม่ระบุ,ไม่,ไม่,ไม่,ไม่,ไม่,ไม่,ไม่,ใช่,ไม่,ใช่
ภาคใต้,พัทลุง,เมืองพัทลุง,พญาขัน,ชาย,32,วัยผู้ใหญ่ตอนต้น 19 - 35 ปี,แยกกันอยู่,ยังไม่ได้จดทะเบียนหย่า,ไม่,ใช่,ไม่,ไม่,ไม่,ไม่,ไม่,ไม่,ไม่,ไม่
ภาคใต้,พัทลุง,บางแก้ว,โคกสัก,ชาย,42,วัยกลางคน 36 - 59 ปี,โสด,ไม่ระบุ,ไม่,ใช่,ไม่,ไม่,ไม่,ไม่,ไม่,ไม่,ไม่,ไม่
ภาคใต้,ภูเก็ต,เมืองภูเก็ต,วิชิต,ชาย,45,วัยกลางคน 36 - 59 ปี,สมรส,ยังไม่ได้จดทะเบียนสมรส,ใช่,ไม่,ไม่,ใช่,ใช่,ไม่,ไม่,ไม่,ไม่,ใช่
ภาคใต้,ภูเก็ต,กะทู้,กะทู้,ชาย,70,วัยสูงอายุ 60 ปีขึ้นไป,สมรส,ยังไม่ได้จดทะเบียนสมรส,ไม่,ไม่,ไม่,ใช่,ไม่,ไม่,ไม่,ไม่,ไม่,ใช่
ภาคใต้,ภูเก็ต,กะทู้,ป่าตอง,ชาย,33,วัยผู้ใหญ่ตอนต้น 19 - 35 ปี,สมรส,ยังไม่ได้จดทะเบียนสมรส,ไม่,ไม่,ไม่,ไม่,ใช่,ไม่,ไม่,ไม่,ไม่,ใช่
ภาคใต้,ภูเก็ต,เมืองภูเก็ต,ตลาดเหนือ,ชาย,24,วัยผู้ใหญ่ตอนต้น 19 - 35 ปี,สมรส,จดทะเบียนสมรสแล้ว,ไม่,ใช่,ไม่,ไม่,ไม่,ไม่,ไม่,ไม่,ไม่,ใช่
ภาคใต้,ภูเก็ต,ถลาง,สาคู,ชาย,21,วัยผู้ใหญ่ตอนต้น 19 - 35 ปี,โสด,ไม่ระบุ,ไม่,ใช่,ไม่,ไม่,ไม่,ไม่,ไม่,ไม่,ไม่,ไม่
ภาคใต้,ภูเก็ต,กะทู้,ป่าตอง,ชาย,33,วัยผู้ใหญ่ตอนต้น 19 - 35 ปี,สมรส,ยังไม่ได้จดทะเบียนสมรส,ไม่,ไม่,ไม่,ไม่,ใช่,ไม่,ไม่,ไม่,ไม่,ไม่
ภาคใต้,ภูเก็ต,กะทู้,กะทู้,หญิง,39,วัยกลางคน 36 - 59 ปี,โสด,ไม่ระบุ,ไม่,ไม่,ไม่,ไม่,ไม่,ไม่,ไม่,ใช่,ไม่,ไม่
ภาคใต้,ภูเก็ต,กะทู้,ป่าตอง,ชาย,64,วัยสูงอายุ 60 ปีขึ้นไป,โสด,ไม่ระบุ,ใช่,ไม่,ไม่,ใช่,ใช่,ไม่,ไม่,ไม่,ไม่,ไม่
ภาคใต้,ยะลา,เบตง,เบตง,ชาย,52,วัยกลางคน 36 - 59 ปี,สมรส,ยังไม่ได้จดทะเบียนสมรส,ใช่,ไม่,ไม่,ใช่,ไม่,ไม่,ไม่,ไม่,ไม่,ไม่
ภาคใต้,ระนอง,เมืองระนอง,บางริ้น,ชาย,49,วัยกลางคน 36 - 59 ปี,สมรส,จดทะเบียนสมรสแล้ว,ใช่,ไม่,ใช่,ใช่,ไม่,ไม่,ไม่,ไม่,ไม่,ไม่
ภาคใต้,ระนอง,เมืองระนอง,บางริ้น,ชาย,56,วัยกลางคน 36 - 59 ปี,สมรส,จดทะเบียนสมรสแล้ว,ไม่,ไม่,ใช่,ไม่,ไม่,ไม่,ไม่,ไม่,ไม่,ไม่
ภาคใต้,ระนอง,เมืองระนอง,ราชกรูด,หญิง,50,วัยกลางคน 36 - 59 ปี,สมรส,ยังไม่ได้จดทะเบียนสมรส,ไม่,ไม่,ใช่,ใช่,ไม่,ไม่,ใช่,ไม่,ไม่,ไม่
ภาคใต้,ระนอง,เมืองระนอง,เขานิเวศน์,ชาย,64,วัยสูงอายุ 60 ปีขึ้นไป,สมรส,จดทะเบียนสมรสแล้ว,ไม่,ไม่,ใช่,ไม่,ไม่,ไม่,ไม่,ไม่,ไม่,ไม่
ภาคใต้,ระนอง,เมืองระนอง,เขานิเวศน์,หญิง,60,วัยสูงอายุ 60 ปีขึ้นไป,สมรส,จดทะเบียนสมรสแล้ว,ไม่,ไม่,ใช่,ไม่,ไม่,ไม่,ไม่,ไม่,ไม่,ไม่
ภาคใต้,ระนอง,เมืองระนอง,บางริ้น,ชาย,48,วัยกลางคน 36 - 59 ปี,สมรส,ยังไม่ได้จดทะเบียนสมรส,ไม่,ไม่,ไม่,ไม่,ใช่,ไม่,ไม่,ไม่,ไม่,ไม่
ภาคใต้,สงขลา,จะนะ,ตลิ่งชัน,ชาย,35,วัยผู้ใหญ่ตอนต้น 19 - 35 ปี,โสด,ไม่ระบุ,ไม่,ใช่,ไม่,ไม่,ไม่,ไม่,ไม่,ไม่,ไม่,ไม่
ภาคใต้,สงขลา,สะบ้าย้อย,คูหา,ชาย,18,วัยรุ่น 13 - 18 ปี,โสด,ไม่ระบุ,ไม่,ใช่,ไม่,ไม่,ไม่,ไม่,ไม่,ไม่,ไม่,ไม่
ภาคใต้,สตูล,เมืองสตูล,ควนโพธิ์,ชาย,34,วัยผู้ใหญ่ตอนต้น 19 - 35 ปี,แยกกันอยู่,ยังไม่ได้จดทะเบียนหย่า,ใช่,ไม่,ไม่,ไม่,ไม่,ไม่,ไม่,ไม่,ไม่,ไม่
ภาคใต้,สตูล,เมืองสตูล,พิมาน,ชาย,34,วัยผู้ใหญ่ตอนต้น 19 - 35 ปี,แยกกันอยู่,ยังไม่ได้จดทะเบียนหย่า,ไม่,ใช่,ใช่,ไม่,ไม่,ไม่,ไม่,ไม่,ไม่,ไม่
ภาคใต้,สตูล,ควนกาหลง,ทุ่งนุ้ย,ชาย,33,วัยผู้ใหญ่ตอนต้น 19 - 35 ปี,สมรส,ยังไม่ได้จดทะเบียนสมรส,ไม่,ใช่,ไม่,ไม่,ไม่,ไม่,ไม่,ไม่,ไม่,ไม่
ภาคใต้,สตูล,ทุ่งหว้า,ขอนคลาน,ชาย,51,วัยกลางคน 36 - 59 ปี,สมรส,ยังไม่ได้จดทะเบียนสมรส,ไม่,ใช่,ไม่,ไม่,ไม่,ไม่,ไม่,ไม่,ไม่,ไม่
ภาคใต้,สตูล,ท่าแพ,ท่าเรือ,ชาย,30,วัยผู้ใหญ่ตอนต้น 19 - 35 ปี,สมรส,ยังไม่ได้จดทะเบียนสมรส,ไม่,ใช่,ไม่,ไม่,ไม่,ไม่,ไม่,ไม่,ไม่,ไม่
ภาคใต้,สตูล,ละงู,กำแพง,ชาย,37,วัยกลางคน 36 - 59 ปี,แยกกันอยู่,จดทะเบียนหย่า,ไม่,ใช่,ไม่,ไม่,ไม่,ไม่,ไม่,ไม่,ไม่,ไม่
ภาคใต้,สตูล,ละงู,กำแพง,ชาย,41,วัยกลางคน 36 - 59 ปี,แยกกันอยู่,จดทะเบียนหย่า,ไม่,ใช่,ไม่,ไม่,ไม่,ไม่,ไม่,ไม่,ไม่,ไม่
ภาคใต้,สตูล,ท่าแพ,ท่าแพ,ชาย,35,วัยผู้ใหญ่ตอนต้น 19 - 35 ปี,แยกกันอยู่,จดทะเบียนหย่า,ไม่,ใช่,ใช่,ไม่,ไม่,ไม่,ไม่,ไม่,ไม่,ไม่
ภาคใต้,สตูล,เมืองสตูล,ควนขัน,ชาย,56,วัยกลางคน 36 - 59 ปี,แยกกันอยู่,จดทะเบียนหย่า,ไม่,ใช่,ไม่,ไม่,ไม่,ไม่,ไม่,ไม่,ไม่,ไม่
ภาคใต้,สตูล,ละงู,กำแพง,ชาย,25,วัยผู้ใหญ่ตอนต้น 19 - 35 ปี,โสด,ไม่ระบุ,ใช่,ใช่,ไม่,ไม่,ไม่,ไม่,ไม่,ใช่,ใช่,ไม่
ภาคใต้,สตูล,เมืองสตูล,พิมาน,ชาย,47,วัยกลางคน 36 - 59 ปี,สมรส,ยังไม่ได้จดทะเบียนสมรส,ไม่,ใช่,ไม่,ไม่,ไม่,ไม่,ไม่,ไม่,ไม่,ไม่
ภาคใต้,สุราษฎร์ธานี,วิภาวดี,ตะกุกเหนือ,ชาย,39,วัยกลางคน 36 - 59 ปี,แยกกันอยู่,ยังไม่ได้จดทะเบียนหย่า,ไม่,ใช่,ไม่,ไม่,ใช่,ไม่,ไม่,ไม่,ไม่,ไม่
ภาคใต้,สุราษฎร์ธานี,เมืองสุราษฎร์ธานี,มะขามเตี้ย,ชาย,40,วัยกลางคน 36 - 59 ปี,แยกกันอยู่,จดทะเบียนหย่า,ใช่,ใช่,ไม่,ไม่,ใช่,ไม่,ไม่,ไม่,ไม่,ไม่
ภาคใต้,สุราษฎร์ธานี,กาญจนดิษฐ์,ท่าทองใหม่,ชาย,64,วัยสูงอายุ 60 ปีขึ้นไป,สมรส,ยังไม่ได้จดทะเบียนสมรส,ใช่,ใช่,ไม่,ใช่,ไม่,ไม่,ไม่,ไม่,ไม่,ไม่
